ncpr,kemiskinan,pengeluaran_pangan,tanpa_listrik,tanpa_air_bersih,lama_sekolah_perempuan,tenaga_kesehatan,harapan_hidup,stunting,ikp,kab_kota,provinsi,anggaran_bansos,ikp_kategori
0.84,12.1,37.42,0.0,34.05,8.5,2.22,64.81,40.2,73.84,Aceh Selatan,Aceh,1.1596884,Sangat Tahan
0.51,12.45,46.16,0.0,44.19,10.13,2.2,68.65,32.9,76.87,Aceh Tenggara,Aceh,1.1596884,Sangat Tahan
0.72,13.39,31.97,0.45,38.66,8.99,1.68,69.07,29.7,77.19,Aceh Timur,Aceh,1.1596884,Sangat Tahan
2.67,14.38,20.61,0.08,26.3,10.04,2.16,69.18,23.6,69.08,Aceh Tengah,Aceh,1.1596884,Sangat Tahan
0.67,17.86,31.65,0.0,23.36,10.27,1.46,68.34,33.4,78.27,Aceh Barat,Aceh,1.1596884,Sangat Tahan
0.48,13.38,26.96,0.43,10.06,10.87,1.38,70.14,30.1,84.72,Aceh Besar,Aceh,1.1596884,Sangat Tahan
0.36,18.78,48.18,0.09,31.46,9.29,0.7,67.29,29.5,76.69,Pidie,Aceh,1.1596884,Sangat Tahan
0.47,16.64,50.53,0.01,37.08,9.37,0.56,69.15,25.2,77.12,Aceh Utara,Aceh,1.1596884,Sangat Tahan
0.75,17.92,31.27,0.13,17.76,9.91,1.68,65.61,30.7,77.54,Simeulue,Aceh,1.1596884,Sangat Tahan
5.0,19.15,50.07,0.0,40.31,9.02,1.74,67.78,34.1,46.1,Aceh Singkil,Aceh,1.1596884,Rentan
0.58,12.12,38.91,0.01,27.66,9.67,0.46,71.66,32.9,80.83,Bireuen,Aceh,1.1596884,Sangat Tahan
0.53,15.43,39.09,0.0,24.17,9.2,1.7,65.48,27.9,78.05,Aceh Barat Daya,Aceh,1.1596884,Sangat Tahan
0.66,18.82,44.75,0.18,20.48,8.39,6.33,65.92,15.4,77.06,Gayo Lues,Aceh,1.1596884,Sangat Tahan
0.33,12.42,40.9,0.14,26.92,8.98,4.54,67.55,34.0,79.69,Aceh Jaya,Aceh,1.1596884,Sangat Tahan
0.75,17.25,48.43,0.13,24.0,9.14,2.19,69.6,31.6,76.6,Nagan Raya,Aceh,1.1596884,Sangat Tahan
0.82,12.51,26.54,0.0,14.56,9.58,1.27,70.04,35.9,81.16,Aceh Tamiang,Aceh,1.1596884,Sangat Tahan
5.0,18.31,25.33,1.26,61.03,10.3,1.15,69.64,32.2,46.98,Bener Meriah,Aceh,1.1596884,Rentan
0.35,18.4,42.27,0.09,32.95,9.85,0.46,70.6,29.4,78.95,Pidie Jaya,Aceh,1.1596884,Sangat Tahan
0.0,7.04,5.1,0.0,0.11,12.74,0.01,72.02,21.7,87.96,Kota Banda Aceh,Aceh,1.1596884,Sangat Tahan
0.0,14.59,12.81,0.69,3.95,10.94,0.2,70.98,25.6,73.8,Kota Sabang,Aceh,1.1596884,Sangat Tahan
0.0,10.73,19.78,0.0,1.81,11.31,0.08,72.06,20.7,83.03,Kota Lhokseumawe,Aceh,1.1596884,Sangat Tahan
0.0,10.53,14.84,0.0,6.24,11.27,0.17,69.78,25.6,78.05,Kota Langsa,Aceh,1.1596884,Sangat Tahan
0.0,16.41,26.01,0.0,55.11,8.78,1.4,64.41,29.6,41.12,Kota Subulussalam,Aceh,1.1596884,Rentan
1.36,11.5,41.75,0.64,35.19,8.96,1.42,67.9,23.8,73.81,Tapanuli Tengah,Sumatera Utara,1.8445188,Sangat Tahan
0.3,8.54,62.27,0.33,51.69,10.19,2.22,69.57,27.4,78.14,Tapanuli Utara,Sumatera Utara,1.8445188,Sangat Tahan
0.57,7.01,43.05,0.67,55.31,9.57,3.22,65.56,15.6,77.29,Tapanuli Selatan,Sumatera Utara,1.8445188,Sangat Tahan
0.65,15.1,39.03,9.77,64.15,7.06,0.87,70.34,20.3,72.41,Nias,Sumatera Utara,1.8445188,Sangat Tahan
1.01,9.23,38.49,0.54,26.92,8.97,1.85,69.64,16.9,79.92,Langkat,Sumatera Utara,1.8445188,Sangat Tahan
0.25,7.98,56.83,0.0,41.28,10.28,1.51,72.28,24.7,82.28,Karo,Sumatera Utara,1.8445188,Sangat Tahan
0.86,3.44,22.82,0.17,14.42,10.41,0.51,72.31,33.8,86.2,Deli Serdang,Sumatera Utara,1.8445188,Sangat Tahan
0.56,7.87,37.82,0.11,41.91,9.78,1.78,72.2,17.7,82.42,Simalungun,Sumatera Utara,1.8445188,Sangat Tahan
1.91,8.21,27.78,0.11,24.26,9.18,1.82,69.09,11.0,76.65,Asahan,Sumatera Utara,1.8445188,Sangat Tahan
1.42,7.99,29.25,0.09,41.36,9.69,1.39,70.77,20.2,76.96,Labuhanbatu,Sumatera Utara,1.8445188,Sangat Tahan
0.34,7.47,33.79,0.38,36.67,10.08,2.02,70.11,32.6,82.5,Dairi,Sumatera Utara,1.8445188,Sangat Tahan
0.28,8.04,48.87,0.35,25.69,10.5,2.06,71.24,28.0,84.33,Toba,Sumatera Utara,1.8445188,Sangat Tahan
1.06,8.86,60.34,1.1,55.14,9.37,3.08,63.47,20.7,70.54,Mandailing Natal,Sumatera Utara,1.8445188,Sangat Tahan
1.25,16.39,52.0,6.06,63.23,6.99,1.2,69.58,31.8,65.87,Nias Selatan,Sumatera Utara,1.8445188,Tahan
0.81,7.54,34.69,0.58,56.82,9.9,3.57,66.89,28.9,75.32,Pakpak Bharat,Sumatera Utara,1.8445188,Sangat Tahan
0.34,8.69,40.7,0.33,49.2,9.93,3.18,70.27,18.4,81.16,Humbang Hasundutan,Sumatera Utara,1.8445188,Sangat Tahan
0.35,11.66,40.87,0.25,47.18,9.2,2.85,72.24,22.4,80.35,Samosir,Sumatera Utara,1.8445188,Sangat Tahan
0.21,7.44,32.93,0.0,33.3,9.14,1.51,69.59,14.4,85.35,Serdang Bedagai,Sumatera Utara,1.8445188,Sangat Tahan
0.97,11.38,26.25,0.02,35.54,9.13,0.72,67.88,17.7,78.37,Batu Bara,Sumatera Utara,1.8445188,Sangat Tahan
1.14,8.79,47.34,0.0,42.52,9.74,3.26,67.82,21.8,75.14,Padang Lawas Utara,Sumatera Utara,1.8445188,Sangat Tahan
1.19,7.89,38.96,0.44,39.91,9.86,2.67,67.71,17.7,76.75,Padang Lawas,Sumatera Utara,1.8445188,Sangat Tahan
5.0,8.06,21.61,0.2,24.7,9.32,2.79,69.54,16.0,57.85,Labuhanbatu Selatan,Sumatera Utara,1.8445188,Tahan
0.93,9.08,34.98,0.11,37.52,9.28,2.18,70.25,9.6,80.3,Labuhanbatu Utara,Sumatera Utara,1.8445188,Sangat Tahan
0.58,21.79,40.43,6.5,46.34,7.01,1.41,70.24,20.3,73.17,Nias Utara,Sumatera Utara,1.8445188,Sangat Tahan
0.97,22.81,17.8,6.32,85.31,7.19,0.69,69.96,28.9,65.35,Nias Barat,Sumatera Utara,1.8445188,Tahan
0.0,8.0,8.42,0.01,2.92,11.59,0.02,73.93,5.8,90.25,Kota Medan,Sumatera Utara,1.8445188,Sangat Tahan
0.0,7.24,18.07,0.0,8.31,11.56,0.04,74.75,7.7,89.82,Kota Pematangsiantar,Sumatera Utara,1.8445188,Sangat Tahan
0.0,11.42,28.67,0.0,4.27,10.45,0.01,70.18,10.6,81.03,Kota Sibolga,Sumatera Utara,1.8445188,Sangat Tahan
0.0,12.21,39.45,0.0,1.1,10.13,0.07,64.28,5.7,74.59,Kota Tanjung Balai,Sumatera Utara,1.8445188,Sangat Tahan
0.0,4.79,18.26,0.0,5.42,11.07,0.05,73.13,19.4,88.22,Kota Binjai,Sumatera Utara,1.8445188,Sangat Tahan
0.0,9.49,13.91,0.0,28.45,10.88,0.04,71.63,10.4,77.31,Kota Tebing Tinggi,Sumatera Utara,1.8445188,Sangat Tahan
0.0,6.85,25.93,0.29,37.86,11.11,0.14,70.2,26.1,71.32,Kota Padang Sidimpuan,Sumatera Utara,1.8445188,Sangat Tahan
0.0,14.78,15.08,0.67,20.47,8.52,0.25,72.09,18.9,66.12,Kota Gunungsitoli,Sumatera Utara,1.8445188,Tahan
0.4,7.34,26.99,0.31,15.76,9.13,2.78,71.52,27.0,86.71,Pesisir Selatan,Sumatera Barat,0.7641834,Sangat Tahan
0.35,7.13,37.82,0.35,32.61,8.57,3.29,69.56,25.4,82.56,Solok,Sumatera Barat,0.7641834,Sangat Tahan
0.65,5.88,23.02,0.86,27.3,9.23,3.62,67.02,28.5,82.05,Sijunjung,Sumatera Barat,0.7641834,Sangat Tahan
0.32,4.16,26.46,0.27,15.74,9.56,1.37,70.84,18.5,89.4,Tanah Datar,Sumatera Barat,0.7641834,Sangat Tahan
0.51,6.34,28.73,0.32,23.54,8.86,0.92,69.7,19.4,85.08,Padang Pariaman,Sumatera Barat,0.7641834,Sangat Tahan
0.52,6.6,32.01,0.64,20.57,9.63,1.95,73.23,20.1,86.92,Agam,Sumatera Barat,0.7641834,Sangat Tahan
0.41,6.8,30.94,0.05,33.84,8.37,3.12,70.3,28.6,82.59,Lima Puluh Kota,Sumatera Barat,0.7641834,Sangat Tahan
0.31,6.8,33.3,0.5,33.26,8.37,2.69,68.29,29.4,82.09,Pasaman,Sumatera Barat,0.7641834,Sangat Tahan
2.94,13.72,37.25,10.4,72.89,7.85,8.11,65.1,33.7,53.86,Kepulauan Mentawai,Sumatera Barat,0.7641834,Tahan
0.95,5.56,11.88,0.17,26.93,9.23,2.33,72.24,17.7,84.98,Dharmasraya,Sumatera Barat,0.7641834,Sangat Tahan
0.4,6.45,25.51,0.35,26.75,9.36,6.8,68.71,14.7,85.6,Solok Selatan,Sumatera Barat,0.7641834,Sangat Tahan
0.61,6.92,33.27,0.24,34.36,9.69,2.1,68.53,29.7,80.91,Pasaman Barat,Sumatera Barat,0.7641834,Sangat Tahan
0.0,4.17,7.42,0.0,4.19,11.6,0.1,74.16,24.2,89.63,Kota Padang,Sumatera Barat,0.7641834,Sangat Tahan
0.0,3.05,11.9,0.0,2.11,11.27,0.05,74.39,16.3,92.9,Kota Solok,Sumatera Barat,0.7641834,Sangat Tahan
0.0,2.27,13.74,0.17,6.49,10.45,0.44,70.69,19.5,83.45,Kota Sawahlunto,Sumatera Barat,0.7641834,Sangat Tahan
0.0,5.24,10.21,0.45,12.33,12.23,0.05,73.23,15.8,87.05,Kota Padang Panjang,Sumatera Barat,0.7641834,Sangat Tahan
0.0,4.11,10.18,0.0,2.64,11.77,0.02,75.13,20.1,92.86,Kota Bukittinggi,Sumatera Barat,0.7641834,Sangat Tahan
0.0,5.44,16.04,0.0,3.37,11.25,0.09,74.43,19.8,89.33,Kota Payakumbuh,Sumatera Barat,0.7641834,Sangat Tahan
0.0,4.2,26.37,0.0,14.32,10.93,0.07,70.95,17.7,84.08,Kota Pariaman,Sumatera Barat,0.7641834,Sangat Tahan
5.0,7.04,21.64,0.0,24.67,9.44,4.21,71.42,7.6,59.69,Kampar,Riau,0.6314472,Tahan
5.0,6.06,15.17,1.01,16.34,8.61,5.19,70.69,12.7,60.71,Indragiri Hulu,Riau,0.6314472,Tahan
3.61,6.31,24.31,0.18,36.88,9.51,4.0,71.79,17.9,65.75,Bengkalis,Riau,0.6314472,Tahan
1.55,5.64,34.72,4.18,73.12,7.77,5.86,68.62,18.8,69.3,Indragiri Hilir,Riau,0.6314472,Sangat Tahan
3.25,8.15,20.69,0.52,13.63,9.07,7.97,72.0,10.1,71.59,Pelalawan,Riau,0.6314472,Sangat Tahan
5.0,9.72,23.88,0.64,15.7,9.26,4.42,70.84,15.9,58.88,Rokan Hulu,Riau,0.6314472,Tahan
3.06,7.07,19.09,0.13,37.28,8.89,3.59,70.99,16.6,68.67,Rokan Hilir,Riau,0.6314472,Sangat Tahan
2.8,5.23,14.74,0.0,9.9,10.01,4.77,71.64,10.4,77.06,Siak,Riau,0.6314472,Sangat Tahan
2.16,8.07,16.05,0.7,28.94,9.01,4.29,69.13,23.0,73.8,Kuantan Singingi,Riau,0.6314472,Sangat Tahan
0.09,22.98,18.34,1.9,89.58,8.47,5.21,68.41,19.6,71.15,Kepulauan Meranti,Riau,0.6314472,Sangat Tahan
0.0,3.16,7.97,0.0,7.83,11.82,0.08,73.02,8.7,92.2,Kota Pekanbaru,Riau,0.6314472,Sangat Tahan
0.0,3.21,10.64,0.79,13.1,10.35,1.18,71.67,14.9,76.3,Kota Dumai,Riau,0.6314472,Sangat Tahan
0.5,7.54,32.3,3.27,32.3,8.25,3.39,70.55,8.7,83.76,Kerinci,Jambi,0.4107774,Sangat Tahan
1.73,8.9,13.9,0.09,50.04,8.61,3.48,71.75,14.9,75.01,Merangin,Jambi,0.4107774,Sangat Tahan
3.1,8.54,19.54,0.56,49.63,8.2,4.47,69.7,4.8,65.64,Sarolangun,Jambi,0.4107774,Tahan
2.33,9.45,17.35,0.73,28.95,8.42,4.41,71.22,10.1,74.13,Batanghari,Jambi,0.4107774,Sangat Tahan
3.49,4.43,28.18,0.09,29.18,9.09,3.41,71.84,12.0,68.51,Muaro Jambi,Jambi,0.4107774,Sangat Tahan
2.12,9.79,24.72,0.71,53.1,8.59,4.23,68.67,14.1,69.6,Tanjung Jabung Barat,Jambi,0.4107774,Sangat Tahan
1.64,10.85,32.4,0.81,49.09,8.15,4.79,66.98,23.7,69.99,Tanjung Jabung Timur,Jambi,0.4107774,Sangat Tahan
2.49,5.29,20.12,0.31,26.74,8.53,2.66,68.43,13.7,73.39,Bungo,Jambi,0.4107774,Sangat Tahan
2.66,6.46,20.2,0.29,28.31,8.4,5.11,70.49,22.7,71.36,Tebo,Jambi,0.4107774,Sangat Tahan
0.0,8.24,7.96,0.0,9.34,11.34,0.04,73.29,13.5,85.88,Kota Jambi,Jambi,0.4107774,Sangat Tahan
0.0,3.0,12.43,0.0,8.0,10.04,0.32,72.86,4.1,87.06,Kota Sungai Penuh,Jambi,0.4107774,Sangat Tahan
2.19,11.46,24.62,0.0,27.6,9.4,1.75,68.85,15.7,73.01,Ogan Komering Ulu,Sumatera Selatan,1.1064048,Sangat Tahan
0.27,13.15,36.91,0.0,31.03,7.51,6.17,69.31,32.5,79.54,Ogan Komering Ilir,Sumatera Selatan,1.1064048,Sangat Tahan
1.59,10.93,16.02,0.18,30.27,8.12,2.57,69.72,25.9,75.62,Muara Enim,Sumatera Selatan,1.1064048,Sangat Tahan
1.09,15.0,31.54,0.0,40.77,8.73,1.94,66.87,7.8,75.19,Lahat,Sumatera Selatan,1.1064048,Sangat Tahan
0.53,14.13,36.99,0.12,39.52,7.85,3.73,68.95,21.9,77.66,Musi Rawas,Sumatera Selatan,1.1064048,Sangat Tahan
0.71,14.9,28.89,0.55,28.89,8.14,6.17,69.51,16.5,79.48,Musi Banyuasin,Sumatera Selatan,1.1064048,Sangat Tahan
0.17,9.58,40.25,0.0,55.26,7.6,5.17,69.76,20.4,79.17,Banyuasin,Sumatera Selatan,1.1064048,Sangat Tahan
0.17,9.99,21.23,0.0,37.4,8.4,1.46,69.78,9.3,85.17,Ogan Komering Ulu Timur,Sumatera Selatan,1.1064048,Sangat Tahan
0.67,10.36,46.29,3.64,49.77,8.4,2.53,67.88,23.0,75.37,Ogan Komering Ulu Selatan,Sumatera Selatan,1.1064048,Sangat Tahan
0.69,13.28,40.91,0.02,28.5,8.35,1.34,66.33,22.9,77.55,Ogan Ilir,Sumatera Selatan,1.1064048,Sangat Tahan
1.12,11.8,36.44,0.32,71.69,7.83,2.38,65.73,32.6,67.42,Empat Lawang,Sumatera Selatan,1.1064048,Tahan
1.14,10.91,16.06,0.0,31.52,7.53,1.98,68.96,15.4,78.79,Penukal Abab Lematang Ilir,Sumatera Selatan,1.1064048,Sangat Tahan
2.66,18.26,37.47,0.81,44.73,7.7,6.83,66.37,33.1,59.58,Musi Rawas Utara,Sumatera Selatan,1.1064048,Tahan
0.0,10.22,12.57,0.0,2.15,11.09,0.04,71.99,18.9,83.62,Kota Palembang,Sumatera Selatan,1.1064048,Sangat Tahan
0.0,8.88,34.69,0.56,41.12,9.68,0.87,67.7,23.3,57.79,Kota Pagar Alam,Sumatera Selatan,1.1064048,Tahan
0.0,12.65,18.81,0.0,33.15,9.51,0.26,70.25,17.5,66.1,Kota Lubuklinggau,Sumatera Selatan,1.1064048,Tahan
0.0,11.23,13.3,0.01,40.09,10.31,0.24,71.27,15.4,68.11,Kota Prabumulih,Sumatera Selatan,1.1064048,Sangat Tahan
0.53,17.51,26.54,0.34,59.02,9.53,1.05,68.4,24.0,74.91,Bengkulu Selatan,Bengkulu,0.3317058,Sangat Tahan
0.99,14.79,28.28,0.8,55.84,9.31,1.16,69.22,28.6,73.11,Rejang Lebong,Bengkulu,0.3317058,Sangat Tahan
1.56,11.29,30.41,0.0,43.03,8.22,3.15,68.77,21.6,72.62,Bengkulu Utara,Bengkulu,0.3317058,Sangat Tahan
0.72,17.83,32.75,0.73,46.75,8.25,3.87,67.27,14.3,74.75,Kaur,Bengkulu,0.3317058,Sangat Tahan
0.84,18.0,30.72,0.67,57.84,8.2,2.06,68.35,26.0,71.61,Seluma,Bengkulu,0.3317058,Sangat Tahan
1.24,10.76,10.28,0.13,36.02,8.87,4.18,67.3,27.1,76.57,Mukomuko,Bengkulu,0.3317058,Sangat Tahan
0.37,11.15,46.67,0.02,44.85,8.49,3.0,63.93,15.7,77.06,Lebong,Bengkulu,0.3317058,Sangat Tahan
1.22,14.12,22.28,0.16,55.68,8.41,0.95,68.46,22.1,72.43,Kepahiang,Bengkulu,0.3317058,Sangat Tahan
2.89,9.4,27.25,0.31,60.54,7.57,1.55,68.52,23.2,62.14,Bengkulu Tengah,Bengkulu,0.3317058,Tahan
0.0,14.71,4.54,0.05,12.26,11.9,0.05,70.74,6.7,78.72,Kota Bengkulu,Bengkulu,0.3317058,Sangat Tahan
0.39,12.79,30.47,0.0,20.9,8.07,0.92,69.97,10.3,84.46,Lampung Selatan,Lampung,1.6640058,Sangat Tahan
0.12,10.65,26.2,0.99,31.53,8.0,1.41,70.29,16.7,84.93,Lampung Tengah,Lampung,1.6640058,Sangat Tahan
0.13,17.17,33.08,0.17,60.9,8.55,1.23,69.83,23.5,76.82,Lampung Utara,Lampung,1.6640058,Sangat Tahan
0.71,11.17,27.03,1.14,52.76,8.57,1.9,68.13,24.6,76.18,Lampung Barat,Lampung,1.6640058,Sangat Tahan
0.11,8.04,18.29,0.0,22.06,7.89,2.34,70.42,9.8,88.78,Tulang Bawang,Lampung,1.6640058,Sangat Tahan
0.77,10.52,30.01,0.15,53.84,7.35,2.13,69.23,17.1,76.4,Tanggamus,Lampung,1.6640058,Sangat Tahan
0.17,13.8,18.51,0.0,30.49,8.34,2.07,71.25,14.2,85.22,Lampung Timur,Lampung,1.6640058,Sangat Tahan
0.46,11.02,27.68,0.0,44.87,7.83,2.51,69.91,22.7,79.61,Way Kanan,Lampung,1.6640058,Sangat Tahan
0.45,12.89,26.78,0.0,43.85,8.21,0.94,69.74,10.0,80.85,Pesawaran,Lampung,1.6640058,Sangat Tahan
0.53,9.14,20.91,0.0,11.49,8.56,0.37,71.05,15.8,87.35,Pringsewu,Lampung,1.6640058,Sangat Tahan
0.14,6.73,13.6,0.0,22.71,7.2,3.02,68.75,5.0,88.18,Mesuji,Lampung,1.6640058,Sangat Tahan
0.17,7.25,17.73,0.0,55.59,8.05,1.35,70.42,10.5,83.74,Tulang Bawang Barat,Lampung,1.6640058,Sangat Tahan
0.49,13.49,18.66,0.46,59.3,8.75,4.24,64.29,16.1,75.77,Pesisir Barat,Lampung,1.6640058,Sangat Tahan
0.0,7.77,9.23,0.0,8.71,10.94,0.03,71.91,13.4,84.64,Kota Bandar Lampung,Lampung,1.6640058,Sangat Tahan
0.0,7.28,7.19,0.0,9.5,10.8,0.04,72.12,7.1,85.78,Kota Metro,Lampung,1.6640058,Sangat Tahan
2.9,4.32,15.55,0.2,11.86,8.79,1.69,71.6,23.2,74.35,Bangka,Kepulauan Bangka Belitung,0.1008072,Sangat Tahan
5.0,6.46,6.72,0.14,8.85,9.16,2.66,71.54,20.8,62.34,Belitung,Kepulauan Bangka Belitung,0.1008072,Tahan
0.62,3.11,19.12,0.0,23.99,7.49,5.04,68.98,20.7,84.87,Bangka Selatan,Kepulauan Bangka Belitung,0.1008072,Sangat Tahan
5.0,5.29,20.67,0.0,14.3,7.48,2.89,72.11,18.2,60.38,Bangka Tengah,Kepulauan Bangka Belitung,0.1008072,Tahan
5.0,2.71,11.7,0.0,20.73,7.87,3.4,70.43,20.6,60.25,Bangka Barat,Kepulauan Bangka Belitung,0.1008072,Tahan
5.0,6.73,7.72,0.14,14.77,9.09,3.85,72.59,17.3,62.02,Belitung Timur,Kepulauan Bangka Belitung,0.1008072,Tahan
0.0,4.27,3.48,0.0,7.03,10.39,0.07,73.96,20.7,87.27,Kota Pangkalpinang,Kepulauan Bangka Belitung,0.1008072,Sangat Tahan
5.0,5.9,12.83,0.0,20.42,9.82,1.26,71.09,21.6,60.42,Bintan,Kepulauan Riau,0.1438638,Tahan
5.0,5.95,6.85,0.0,12.19,9.2,0.84,72.01,17.9,62.68,Karimun,Kepulauan Riau,0.1438638,Tahan
5.0,5.25,14.69,0.0,8.26,9.28,2.67,66.22,16.1,60.51,Natuna,Kepulauan Riau,0.1438638,Tahan
5.0,11.26,17.8,2.77,23.63,7.92,3.31,63.5,20.5,53.02,Lingga,Kepulauan Riau,0.1438638,Tahan
5.0,6.95,6.0,0.16,45.37,8.25,1.16,68.1,15.2,55.34,Kepulauan Anambas,Kepulauan Riau,0.1438638,Tahan
0.0,5.02,3.53,0.13,2.72,11.12,0.2,73.94,16.1,88.83,Kota Batam,Kepulauan Riau,0.1438638,Sangat Tahan
0.0,7.95,3.94,0.0,12.38,10.9,0.1,72.85,15.2,83.22,Kota Tanjungpinang,Kepulauan Riau,0.1438638,Sangat Tahan
5.0,13.13,35.09,0.0,1.54,9.01,0.05,69.61,18.6,58.05,Kepulauan Seribu,Dki Jakarta,0.4876614,Tahan
0.0,4.68,12.33,0.0,2.4,11.33,0.019999999999999997,74.81,19.1,91.63,Jakarta Pusat,Dki Jakarta,0.4876614,Sangat Tahan
0.0,6.78,17.17,0.12,0.86,10.65,0.02,73.59,19.8,87.42,Jakarta Utara,Dki Jakarta,0.4876614,Sangat Tahan
0.0,4.09,5.08,0.0,2.09,10.94,0.01,74.16,17.1,91.35,Jakarta Barat,Dki Jakarta,0.4876614,Sangat Tahan
0.0,3.1,4.01,0.0,13.99,11.63,0.01,74.78,16.6,90.52,Jakarta Selatan,Dki Jakarta,0.4876614,Sangat Tahan
0.0,4.2,8.73,0.0,8.1,11.77,0.01,75.12,16.8,91.81,Jakarta Timur,Dki Jakarta,0.4876614,Sangat Tahan
2.63,7.27,33.47,0.0,31.89,8.67,0.29,71.92,27.6,70.01,Bogor,Jawa Barat,9.2286684,Sangat Tahan
0.8,7.01,35.75,0.05,44.67,7.62,0.87,71.83,27.0,78.59,Sukabumi,Jawa Barat,9.2286684,Sangat Tahan
0.67,10.22,42.96,0.09,32.56,7.13,0.84,70.79,11.4,80.6,Cianjur,Jawa Barat,9.2286684,Sangat Tahan
1.53,6.4,21.67,0.0,22.97,9.28,0.31,74.27,29.2,80.63,Bandung,Jawa Barat,9.2286684,Sangat Tahan
0.51,9.77,45.4,0.0,46.6,8.04,0.63,72.07,24.1,78.99,Garut,Jawa Barat,9.2286684,Sangat Tahan
0.8,10.28,44.27,0.16,35.61,8.24,0.98,70.19,20.7,78.47,Tasikmalaya,Jawa Barat,9.2286684,Sangat Tahan
0.69,7.42,40.35,0.0,21.45,8.32,0.64,72.57,25.4,83.2,Ciamis,Jawa Barat,9.2286684,Sangat Tahan
0.67,12.12,38.36,0.0,29.18,7.94,0.39,74.29,23.4,81.43,Kuningan,Jawa Barat,9.2286684,Sangat Tahan
0.82,11.2,32.93,0.0,15.84,7.97,0.18,72.76,22.9,82.77,Cirebon,Jawa Barat,9.2286684,Sangat Tahan
0.41,11.21,33.66,0.0,26.26,7.74,0.43,71.05,24.1,82.58,Majalengka,Jawa Barat,9.2286684,Sangat Tahan
0.53,9.36,29.68,0.0,17.6,8.89,0.61,73.19,14.4,86.88,Sumedang,Jawa Barat,9.2286684,Sangat Tahan
0.24,12.13,41.69,0.24,6.41,7.09,0.57,72.46,18.4,86.52,Indramayu,Jawa Barat,9.2286684,Sangat Tahan
0.29,9.52,28.03,0.0,27.91,7.67,0.65,73.24,18.7,85.65,Subang,Jawa Barat,9.2286684,Sangat Tahan
0.94,8.46,35.21,0.0,29.17,8.04,0.3,71.74,24.0,80.19,Purwakarta,Jawa Barat,9.2286684,Sangat Tahan
0.41,7.87,19.78,0.0,11.45,8.13,0.27,72.9,17.1,89.04,Karawang,Jawa Barat,9.2286684,Sangat Tahan
1.18,4.93,14.15,0.0,6.36,9.79,0.13,74.3,23.2,87.48,Bekasi,Jawa Barat,9.2286684,Sangat Tahan
1.77,10.52,33.07,0.0,24.46,8.16,0.48,73.1,25.1,75.79,Bandung Barat,Jawa Barat,9.2286684,Sangat Tahan
0.56,8.98,32.89,0.0,22.31,8.16,0.98,72.17,23.9,83.86,Pangandaran,Jawa Barat,9.2286684,Sangat Tahan
0.0,6.67,13.52,0.0,9.88,10.36,0.02,74.45,18.2,85.53,Kota Bogor,Jawa Barat,9.2286684,Sangat Tahan
0.0,7.5,21.17,0.0,12.32,10.26,0.02,73.11,26.9,80.9,Kota Sukabumi,Jawa Barat,9.2286684,Sangat Tahan
0.0,3.96,7.99,0.0,4.68,10.91,0.01,75.04,16.3,91.55,Kota Bandung,Jawa Barat,9.2286684,Sangat Tahan
0.0,9.16,16.56,0.01,3.34,10.35,0.01,73.08,19.9,83.78,Kota Cirebon,Jawa Barat,9.2286684,Sangat Tahan
0.0,4.1,4.65,0.0,7.14,11.69,0.02,75.79,10.3,93.9,Kota Bekasi,Jawa Barat,9.2286684,Sangat Tahan
0.0,2.38,3.82,0.0,19.52,11.42,0.03,75.23,14.3,89.81,Kota Depok,Jawa Barat,9.2286684,Sangat Tahan
0.0,4.66,12.33,0.0,6.98,11.12,0.01,74.8,24.5,88.68,Kota Cimahi,Jawa Barat,9.2286684,Sangat Tahan
0.0,11.53,34.72,0.0,16.47,9.64,0.06,72.92,27.1,74.37,Kota Tasikmalaya,Jawa Barat,9.2286684,Sangat Tahan
0.0,6.14,27.88,0.0,9.82,8.77,0.12,71.8,23.6,78.92,Kota Banjar,Jawa Barat,9.2286684,Sangat Tahan
0.45,10.99,26.68,0.0,27.64,7.46,0.54,74.25,18.5,84.69,Cilacap,Jawa Tengah,7.3916952,Sangat Tahan
1.02,12.53,18.84,0.0,30.51,8.04,0.22,73.98,20.9,80.74,Banyumas,Jawa Tengah,7.3916952,Sangat Tahan
0.98,14.99,29.6,0.12,28.37,7.65,0.3,73.37,26.0,78.47,Purbalingga,Jawa Tengah,7.3916952,Sangat Tahan
1.18,14.9,23.91,0.0,23.5,7.15,0.51,74.47,19.9,79.4,Banjarnegara,Jawa Tengah,7.3916952,Sangat Tahan
0.59,16.34,19.6,0.0,33.23,7.74,0.33,73.83,21.9,81.21,Kebumen,Jawa Tengah,7.3916952,Sangat Tahan
0.48,11.33,20.55,0.0,23.1,8.34,0.49,75.21,20.6,86.22,Purworejo,Jawa Tengah,7.3916952,Sangat Tahan
1.1,15.58,26.03,0.0,20.14,7.07,0.59,72.17,29.2,77.87,Wonosobo,Jawa Tengah,7.3916952,Sangat Tahan
1.22,10.96,18.81,0.04,26.04,7.8,0.48,74.2,25.8,80.2,Magelang,Jawa Tengah,7.3916952,Sangat Tahan
0.52,9.81,15.19,0.0,19.18,7.98,0.37,76.23,21.5,87.7,Boyolali,Jawa Tengah,7.3916952,Sangat Tahan
0.6,12.28,14.88,0.0,28.11,9.08,0.17,77.07,24.5,85.64,Klaten,Jawa Tengah,7.3916952,Sangat Tahan
0.48,7.58,7.87,0.0,17.61,9.91,0.12,77.86,24.3,90.93,Sukoharjo,Jawa Tengah,7.3916952,Sangat Tahan
0.19,10.94,19.37,0.0,21.08,7.66,0.72,76.56,19.5,88.91,Wonogiri,Jawa Tengah,7.3916952,Sangat Tahan
0.57,9.79,14.36,0.0,12.04,9.05,0.32,77.72,22.2,89.67,Karanganyar,Jawa Tengah,7.3916952,Sangat Tahan
0.27,12.87,22.25,0.0,8.69,7.83,0.29,75.97,18.4,89.37,Sragen,Jawa Tengah,7.3916952,Sangat Tahan
0.29,11.72,38.45,0.0,9.41,7.35,0.53,75.04,20.2,87.29,Grobogan,Jawa Tengah,7.3916952,Sangat Tahan
0.27,11.49,25.34,0.0,8.14,7.36,0.84,74.71,21.2,88.53,Blora,Jawa Tengah,7.3916952,Sangat Tahan
0.41,14.17,31.67,0.0,7.08,7.86,0.51,74.77,19.5,86.85,Rembang,Jawa Tengah,7.3916952,Sangat Tahan
0.27,9.31,19.76,0.0,9.89,7.96,0.38,76.39,18.5,90.88,Pati,Jawa Tengah,7.3916952,Sangat Tahan
0.89,7.24,11.96,0.0,16.34,9.32,0.13,76.86,15.7,88.81,Kudus,Jawa Tengah,7.3916952,Sangat Tahan
0.68,6.61,23.72,0.0,23.56,8.39,0.36,76.04,18.9,87.0,Jepara,Jawa Tengah,7.3916952,Sangat Tahan
0.38,12.01,25.22,0.0,4.64,8.47,0.38,75.6,9.5,90.47,Demak,Jawa Tengah,7.3916952,Sangat Tahan
1.02,7.17,16.64,0.0,21.7,8.46,0.38,75.95,18.8,85.57,Semarang,Jawa Tengah,7.3916952,Sangat Tahan
1.97,9.26,21.07,0.0,12.34,7.87,0.43,75.77,25.1,78.91,Temanggung,Jawa Tengah,7.3916952,Sangat Tahan
0.84,9.39,18.38,0.0,19.24,7.96,0.35,74.58,22.4,84.83,Kendal,Jawa Tengah,7.3916952,Sangat Tahan
0.74,8.92,19.6,0.0,20.88,7.38,0.46,74.85,24.7,84.77,Batang,Jawa Tengah,7.3916952,Sangat Tahan
1.02,9.67,25.69,0.0,26.99,7.7,0.41,73.87,28.6,80.65,Pekalongan,Jawa Tengah,7.3916952,Sangat Tahan
0.68,15.03,36.26,0.0,21.4,6.84,0.4,73.85,15.3,81.81,Pemalang,Jawa Tengah,7.3916952,Sangat Tahan
0.83,7.3,27.8,0.0,18.31,7.55,0.27,72.0,21.5,83.71,Tegal,Jawa Tengah,7.3916952,Sangat Tahan
0.74,15.78,27.01,0.11,25.43,6.68,0.43,69.96,21.6,78.79,Brebes,Jawa Tengah,7.3916952,Sangat Tahan
0.0,6.11,10.67,0.0,6.68,11.08,0.01,77.22,15.4,91.41,Kota Magelang,Jawa Tengah,7.3916952,Sangat Tahan
0.0,8.44,9.82,0.0,10.65,10.91,0.01,77.63,16.0,87.67,Kota Surakarta,Jawa Tengah,7.3916952,Sangat Tahan
0.0,4.66,1.32,0.0,10.74,11.3,0.03,77.93,16.9,91.35,Kota Salatiga,Jawa Tengah,7.3916952,Sangat Tahan
0.0,4.23,5.43,0.0,4.0,10.57,0.03,77.9,15.7,92.74,Kota Semarang,Jawa Tengah,7.3916952,Sangat Tahan
0.0,6.81,16.15,0.0,21.88,9.53,0.03,74.6,28.2,78.27,Kota Pekalongan,Jawa Tengah,7.3916952,Sangat Tahan
0.0,7.68,8.62,0.0,1.64,9.9,0.02,74.77,22.3,85.73,Kota Tegal,Jawa Tengah,7.3916952,Sangat Tahan
0.6,15.64,12.58,0.0,18.44,9.17,0.33,75.29,21.2,85.73,Kulon Progo,Di Yogyakarta,0.7832136,Sangat Tahan
1.32,11.96,7.94,0.0,18.86,9.97,0.15,73.94,20.5,82.92,Bantul,Di Yogyakarta,0.7832136,Sangat Tahan
0.16,15.6,16.79,0.0,41.29,7.32,0.78,74.24,22.2,82.97,Gunungkidul,Di Yogyakarta,0.7832136,Sangat Tahan
1.54,7.52,9.18,0.0,17.85,11.1,0.07,75.08,12.4,84.91,Sleman,Di Yogyakarta,0.7832136,Sangat Tahan
0.0,6.49,7.32,0.0,26.33,12.14,0.01,74.91,16.8,84.21,Kota Yogyakarta,Di Yogyakarta,0.7832136,Sangat Tahan
0.49,13.65,23.25,0.12,28.82,7.95,1.04,72.86,20.9,82.94,Pacitan,Jawa Timur,7.083693,Sangat Tahan
0.28,9.53,15.69,0.0,17.71,7.63,0.49,73.55,16.1,88.74,Ponorogo,Jawa Timur,7.083693,Sangat Tahan
0.62,10.63,26.13,0.0,36.23,7.8,0.68,74.64,15.8,83.17,Trenggalek,Jawa Timur,7.083693,Sangat Tahan
0.56,6.53,18.24,0.0,25.05,8.72,0.29,74.91,21.5,87.35,Tulungagung,Jawa Timur,7.083693,Sangat Tahan
0.64,8.69,19.47,0.0,18.29,7.95,0.71,74.34,20.3,86.43,Blitar,Jawa Timur,7.083693,Sangat Tahan
0.95,10.72,28.6,0.0,31.55,8.37,0.46,73.27,16.8,81.19,Kediri,Jawa Timur,7.083693,Sangat Tahan
1.06,9.45,27.48,0.0,28.02,7.97,0.53,73.26,19.5,81.09,Malang,Jawa Timur,7.083693,Sangat Tahan
0.55,8.93,43.77,0.14,33.64,7.36,0.62,70.96,29.9,79.58,Lumajang,Jawa Timur,7.083693,Sangat Tahan
0.62,9.51,36.98,0.02,32.29,6.66,0.58,70.03,29.7,78.97,Jember,Jawa Timur,7.083693,Sangat Tahan
0.63,7.34,17.06,0.0,17.57,7.82,0.92,71.38,21.9,85.77,Banyuwangi,Jawa Timur,7.083693,Sangat Tahan
0.42,13.34,39.66,0.0,35.14,6.4,0.69,67.6,17.0,78.44,Bondowoso,Jawa Timur,7.083693,Sangat Tahan
0.46,11.9,43.88,0.0,36.32,6.9,0.79,69.94,4.1,80.22,Situbondo,Jawa Timur,7.083693,Sangat Tahan
0.67,17.19,33.96,0.0,34.59,6.49,0.71,68.12,35.4,74.22,Probolinggo,Jawa Timur,7.083693,Sangat Tahan
0.82,9.24,41.04,0.0,20.8,7.56,0.42,70.81,27.9,80.31,Pasuruan,Jawa Timur,7.083693,Sangat Tahan
1.95,5.0,5.86,0.0,12.26,10.82,0.09,74.69,8.4,84.49,Sidoarjo,Jawa Timur,7.083693,Sangat Tahan
0.52,9.8,33.45,0.03,11.52,9.09,0.3,73.25,16.2,87.32,Mojokerto,Jawa Timur,7.083693,Sangat Tahan
0.57,9.15,28.37,0.0,16.41,8.65,0.29,73.22,18.0,86.43,Jombang,Jawa Timur,7.083693,Sangat Tahan
0.4,10.89,27.56,0.0,26.3,8.27,0.52,72.28,17.1,84.88,Nganjuk,Jawa Timur,7.083693,Sangat Tahan
0.3,11.04,26.33,0.07,20.54,7.81,0.65,72.28,16.5,86.22,Madiun,Jawa Timur,7.083693,Sangat Tahan
0.35,9.8,19.18,0.0,17.53,8.48,0.38,73.29,19.2,87.98,Magetan,Jawa Timur,7.083693,Sangat Tahan
0.18,14.4,30.59,0.0,11.1,7.81,0.56,73.2,14.0,87.53,Ngawi,Jawa Timur,7.083693,Sangat Tahan
0.29,12.18,25.62,0.0,10.93,7.44,0.67,72.57,14.1,87.63,Bojonegoro,Jawa Timur,7.083693,Sangat Tahan
0.29,14.91,36.15,0.0,7.08,7.46,0.79,72.36,17.8,85.85,Tuban,Jawa Timur,7.083693,Sangat Tahan
0.27,12.42,19.16,0.0,4.97,8.29,0.4,73.22,9.4,90.3,Lamongan,Jawa Timur,7.083693,Sangat Tahan
0.52,10.96,11.86,0.0,0.79,10.2,0.27,73.3,15.4,90.9,Gresik,Jawa Timur,7.083693,Sangat Tahan
0.7,19.35,46.62,0.0,34.55,6.04,0.49,70.79,10.2,76.02,Bangkalan,Jawa Timur,7.083693,Sangat Tahan
0.47,21.76,40.16,0.0,11.31,5.46,0.55,68.64,14.1,78.97,Sampang,Jawa Timur,7.083693,Sangat Tahan
0.88,13.85,39.3,0.0,10.8,7.28,0.32,68.31,25.1,79.08,Pamekasan,Jawa Timur,7.083693,Sangat Tahan
0.41,18.7,48.08,0.25,21.19,5.7,0.66,72.47,16.7,79.77,Sumenep,Jawa Timur,7.083693,Sangat Tahan
0.0,7.15,6.55,0.0,40.23,10.77,0.02,74.67,18.6,76.67,Kota Kediri,Jawa Timur,7.083693,Sangat Tahan
0.0,7.3,7.68,0.0,27.37,10.87,0.03,74.66,17.7,80.8,Kota Blitar,Jawa Timur,7.083693,Sangat Tahan
0.0,4.26,3.56,0.0,11.17,11.19,0.02,74.13,17.3,88.76,Kota Malang,Jawa Timur,7.083693,Sangat Tahan
0.0,6.48,1.91,0.0,8.81,9.6,0.05,70.99,31.8,78.62,Kota Probolinggo,Jawa Timur,7.083693,Sangat Tahan
0.0,6.6,20.68,0.0,8.66,9.73,0.04,72.31,11.7,84.16,Kota Pasuruan,Jawa Timur,7.083693,Sangat Tahan
0.0,5.77,4.97,0.0,9.94,11.32,0.01,74.1,11.0,89.3,Kota Mojokerto,Jawa Timur,7.083693,Sangat Tahan
0.0,4.74,5.71,0.0,1.25,11.53,0.02,73.44,12.8,92.29,Kota Madiun,Jawa Timur,7.083693,Sangat Tahan
0.0,4.65,7.3,0.0,0.0,10.71,0.02,74.75,1.6,93.06,Kota Surabaya,Jawa Timur,7.083693,Sangat Tahan
0.0,3.31,8.16,0.0,20.6,10.05,0.19,73.29,23.1,81.31,Kota Batu,Jawa Timur,7.083693,Sangat Tahan
0.49,9.27,30.55,0.0,53.73,7.26,1.14,65.58,28.6,75.63,Pandeglang,Banten,1.3185672,Sangat Tahan
0.64,8.68,47.81,1.45,58.52,6.95,1.01,68.13,35.5,72.76,Lebak,Banten,1.3185672,Sangat Tahan
2.07,6.93,17.09,0.22,13.62,9.16,0.11,70.65,26.4,77.6,Tangerang,Banten,1.3185672,Sangat Tahan
0.69,4.85,27.42,0.0,27.36,8.14,0.5,65.6,23.9,81.39,Serang,Banten,1.3185672,Sangat Tahan
0.0,5.89,5.58,0.0,7.38,10.76,0.02,72.24,17.6,85.92,Kota Tangerang,Banten,1.3185672,Sangat Tahan
0.0,3.98,7.45,0.0,11.17,10.32,0.08,67.39,22.0,80.12,Kota Cilegon,Banten,1.3185672,Sangat Tahan
0.0,6.2,27.38,0.0,25.44,8.72,0.1,68.98,22.3,71.95,Kota Serang,Banten,1.3185672,Sangat Tahan
0.0,2.57,1.43,0.0,20.29,11.44,0.02,73.11,9.2,88.67,Kota Tangerang Selatan,Banten,1.3185672,Sangat Tahan
0.92,4.96,11.73,0.0,18.29,8.4,0.77,73.2,8.7,87.64,Jembrana,Bali,0.3590286,Sangat Tahan
0.5,4.7,2.27,0.0,15.09,9.0,0.35,74.48,6.3,92.51,Tabanan,Bali,0.3590286,Sangat Tahan
1.01,2.3,1.49,0.0,7.11,10.88,0.09,75.88,4.9,92.9,Badung,Bali,0.3590286,Sangat Tahan
0.79,4.47,1.25,0.0,5.08,9.66,0.13,74.52,6.3,92.77,Gianyar,Bali,0.3590286,Sangat Tahan
0.96,5.61,9.29,0.0,13.91,8.09,0.21,72.28,4.9,87.47,Klungkung,Bali,0.3590286,Sangat Tahan
1.87,5.28,15.3,0.0,37.96,7.67,0.34,71.33,10.2,77.19,Bangli,Bali,0.3590286,Sangat Tahan
1.02,6.56,4.99,0.53,24.5,6.22,0.6,71.25,6.4,83.97,Karangasem,Bali,0.3590286,Sangat Tahan
1.5,5.85,11.69,0.24,16.0,7.35,0.55,72.7,6.2,83.26,Buleleng,Bali,0.3590286,Sangat Tahan
0.0,2.68,2.0,0.0,0.49,11.37,0.01,75.69,10.8,96.37,Kota Denpasar,Bali,0.3590286,Sangat Tahan
0.84,13.67,55.25,0.0,28.81,7.24,0.52,68.08,19.9,75.74,Lombok Barat,Nusa Tenggara Barat,1.1991504,Sangat Tahan
0.48,12.93,47.99,0.06,22.48,6.97,0.37,67.12,17.6,79.5,Lombok Tengah,Nusa Tenggara Barat,1.1991504,Sangat Tahan
0.8,15.63,52.77,0.34,35.08,7.59,0.35,66.95,27.6,73.32,Lombok Timur,Nusa Tenggara Barat,1.1991504,Sangat Tahan
0.19,13.91,25.2,0.0,7.04,8.83,2.41,68.54,25.7,85.82,Sumbawa,Nusa Tenggara Barat,1.1991504,Sangat Tahan
0.22,12.62,44.04,0.21,37.61,9.07,1.26,67.76,12.4,81.24,Dompu,Nusa Tenggara Barat,1.1991504,Sangat Tahan
0.24,14.39,54.15,0.14,25.58,8.83,1.41,67.27,36.7,78.26,Bima,Nusa Tenggara Barat,1.1991504,Sangat Tahan
0.29,12.95,34.31,0.0,9.76,8.88,1.83,69.2,10.5,86.47,Sumbawa Barat,Nusa Tenggara Barat,1.1991504,Sangat Tahan
0.81,25.8,51.81,0.0,37.84,6.36,0.87,68.17,33.5,68.39,Lombok Utara,Nusa Tenggara Barat,1.1991504,Sangat Tahan
0.0,8.62,28.65,0.0,6.16,9.45,0.01,72.55,25.6,80.15,Kota Mataram,Nusa Tenggara Barat,1.1991504,Sangat Tahan
0.0,8.67,29.57,0.0,16.57,10.82,0.19,71.19,31.8,75.53,Kota Bima,Nusa Tenggara Barat,1.1991504,Sangat Tahan
0.7,21.78,39.81,6.77,35.11,7.85,3.69,65.64,38.4,70.45,Kupang,Nusa Tenggara Timur,1.4134884,Sangat Tahan
0.99,25.18,36.21,9.06,32.28,7.49,2.37,66.89,50.1,67.02,Timor Tengah Selatan,Nusa Tenggara Timur,1.4134884,Tahan
0.73,21.85,33.79,2.28,24.02,8.48,1.63,67.61,42.7,73.61,Timor Tengah Utara,Nusa Tenggara Timur,1.4134884,Sangat Tahan
1.08,14.3,22.3,3.45,36.62,7.65,0.96,65.63,48.1,71.21,Belu,Nusa Tenggara Timur,1.4134884,Sangat Tahan
1.26,19.97,39.29,1.94,55.04,8.26,1.87,62.35,39.3,63.81,Alor,Nusa Tenggara Timur,1.4134884,Tahan
2.11,11.77,25.8,1.52,27.31,7.91,1.05,65.96,37.2,68.61,Flores Timur,Nusa Tenggara Timur,1.4134884,Sangat Tahan
1.02,12.56,22.76,5.4,20.42,7.32,0.9,68.3,33.3,77.22,Sikka,Nusa Tenggara Timur,1.4134884,Sangat Tahan
1.21,22.86,23.22,0.38,21.14,8.51,1.11,66.12,27.5,72.93,Ende,Nusa Tenggara Timur,1.4134884,Sangat Tahan
0.46,12.06,22.77,4.25,24.86,9.01,1.45,68.71,21.3,82.72,Ngada,Nusa Tenggara Timur,1.4134884,Sangat Tahan
0.7,19.69,36.41,2.69,17.7,7.83,0.59,67.63,36.8,75.69,Manggarai,Nusa Tenggara Timur,1.4134884,Sangat Tahan
0.58,28.08,22.23,3.08,43.49,8.11,4.48,65.82,26.3,70.98,Sumba Timur,Nusa Tenggara Timur,1.4134884,Sangat Tahan
0.75,27.17,15.92,12.97,26.1,7.33,0.89,67.57,42.5,71.31,Sumba Barat,Nusa Tenggara Timur,1.4134884,Sangat Tahan
1.0,24.78,25.43,1.68,37.63,7.68,1.47,67.87,35.1,70.11,Lembata,Nusa Tenggara Timur,1.4134884,Sangat Tahan
0.77,27.05,23.89,1.36,26.04,8.03,1.62,65.6,39.8,71.27,Rote Ndao,Nusa Tenggara Timur,1.4134884,Sangat Tahan
0.39,16.82,20.85,3.06,32.38,8.2,1.91,68.0,36.2,78.0,Manggarai Barat,Nusa Tenggara Timur,1.4134884,Sangat Tahan
1.04,12.33,23.37,1.01,43.78,8.29,1.56,67.91,24.9,75.2,Nagekeo,Nusa Tenggara Timur,1.4134884,Sangat Tahan
0.51,31.78,30.67,13.09,57.42,7.4,2.89,68.87,39.5,65.96,Sumba Tengah,Nusa Tenggara Timur,1.4134884,Tahan
0.59,27.48,58.64,19.7,63.65,6.95,1.14,68.99,44.3,62.53,Sumba Barat Daya,Nusa Tenggara Timur,1.4134884,Tahan
0.62,25.06,56.8,10.11,48.86,8.22,1.22,68.49,43.7,66.92,Manggarai Timur,Nusa Tenggara Timur,1.4134884,Tahan
1.74,28.37,44.8,5.35,53.35,7.47,0.92,61.06,36.9,56.66,Sabu Raijua,Nusa Tenggara Timur,1.4134884,Tahan
0.65,14.42,32.26,4.67,43.4,7.42,0.9,65.67,47.7,71.78,Malaka,Nusa Tenggara Timur,1.4134884,Sangat Tahan
0.0,8.61,3.27,0.03,21.61,11.36,0.04,70.52,29.9,75.94,Kota Kupang,Nusa Tenggara Timur,1.4134884,Sangat Tahan
0.64,7.08,28.22,0.19,92.51,6.71,3.67,69.76,30.8,70.83,Sambas,Kalimantan Barat,0.7115214,Sangat Tahan
0.9,5.21,24.36,0.0,81.54,7.7,2.55,71.74,27.2,73.85,Mempawah,Kalimantan Barat,0.7115214,Sangat Tahan
1.24,4.79,16.64,1.52,43.57,7.7,9.04,71.77,22.1,78.51,Sanggau,Kalimantan Barat,0.7115214,Sangat Tahan
1.07,9.25,18.44,2.37,45.82,8.05,12.71,71.45,24.453846153846158,77.17,Ketapang,Kalimantan Barat,0.7115214,Sangat Tahan
1.47,8.18,18.86,5.32,38.35,7.89,12.07,72.41,24.8,76.17,Sintang,Kalimantan Barat,0.7115214,Sangat Tahan
1.72,8.16,26.33,3.1,41.91,8.16,22.35,72.88,16.7,74.43,Kapuas Hulu,Kalimantan Barat,0.7115214,Sangat Tahan
0.82,6.28,17.73,2.75,40.03,8.15,4.09,74.2,32.7,81.24,Bengkayang,Kalimantan Barat,0.7115214,Sangat Tahan
0.61,9.97,33.52,5.47,54.82,7.6,7.32,73.77,31.0,76.96,Landak,Kalimantan Barat,0.7115214,Sangat Tahan
1.26,5.9,35.61,4.31,67.93,7.18,7.16,72.74,12.2,73.84,Sekadau,Kalimantan Barat,0.7115214,Sangat Tahan
3.42,11.12,34.36,6.43,46.91,7.63,10.67,73.32,35.3,59.56,Melawi,Kalimantan Barat,0.7115214,Tahan
0.61,9.13,17.39,0.72,60.21,6.58,7.7,69.22,22.9,76.53,Kayong Utara,Kalimantan Barat,0.7115214,Sangat Tahan
1.73,4.23,16.21,0.0,85.45,7.5,5.49,71.26,25.4,68.9,Kubu Raya,Kalimantan Barat,0.7115214,Sangat Tahan
0.0,4.45,6.6,0.0,57.92,10.34,0.03,73.87,16.7,72.55,Kota Pontianak,Kalimantan Barat,0.7115214,Sangat Tahan
0.0,4.7,7.58,0.07,47.34,8.5,0.3,72.81,20.1,68.27,Kota Singkawang,Kalimantan Barat,0.7115214,Sangat Tahan
5.0,4.18,7.02,0.02,13.52,8.94,8.01,71.28,17.9,62.27,Kotawaringin Barat,Kalimantan Tengah,0.2167512,Tahan
2.21,5.69,16.31,0.31,26.11,7.92,8.45,70.39,35.5,73.03,Kotawaringin Timur,Kalimantan Tengah,0.2167512,Sangat Tahan
0.54,5.21,29.56,0.41,36.5,8.5,11.12,69.23,16.2,82.66,Kapuas,Kalimantan Tengah,0.2167512,Sangat Tahan
2.96,4.72,35.87,0.24,34.12,9.4,6.39,67.75,23.9,67.09,Barito Selatan,Kalimantan Tengah,0.2167512,Tahan
1.41,5.35,24.59,3.01,19.3,8.95,9.96,71.68,15.3,81.65,Barito Utara,Kalimantan Tengah,0.2167512,Sangat Tahan
0.77,4.99,30.33,3.23,34.52,9.25,21.48,66.43,34.0,77.99,Katingan,Kalimantan Tengah,0.2167512,Sangat Tahan
3.23,7.12,23.48,2.22,30.94,7.78,18.29,69.63,25.8,65.03,Seruyan,Kalimantan Tengah,0.2167512,Tahan
4.52,3.96,14.82,1.99,23.05,8.51,8.22,72.03,29.1,61.78,Sukamara,Kalimantan Tengah,0.2167512,Tahan
5.0,3.12,15.26,5.36,24.79,8.63,12.59,69.84,13.2,59.34,Lamandau,Kalimantan Tengah,0.2167512,Tahan
5.0,5.47,24.12,0.26,43.53,9.48,10.31,70.96,12.9,56.38,Gunung Mas,Kalimantan Tengah,0.2167512,Tahan
0.28,4.58,30.84,0.0,44.92,8.58,14.03,68.6,24.0,81.88,Pulang Pisau,Kalimantan Tengah,0.2167512,Sangat Tahan
5.0,6.44,33.75,4.61,49.56,8.38,23.69,69.94,21.0,51.29,Murung Raya,Kalimantan Tengah,0.2167512,Rentan
1.0,6.63,17.84,0.05,33.78,9.96,4.63,68.91,21.7,81.16,Barito Timur,Kalimantan Tengah,0.2167512,Sangat Tahan
0.0,3.44,8.28,0.0,8.72,11.69,1.13,73.7,28.0,80.69,Kota Palangkaraya,Kalimantan Tengah,0.2167512,Sangat Tahan
0.85,3.73,24.16,0.0,28.97,8.09,2.79,70.11,41.7,80.59,Tanah Laut,Kalimantan Selatan,0.3678252,Sangat Tahan
2.18,4.32,20.48,0.0,22.59,7.66,8.06,69.77,20.1,75.34,Kotabaru,Kalimantan Selatan,0.3678252,Sangat Tahan
0.89,2.44,21.36,0.1,28.92,8.18,2.01,68.01,30.1,81.54,Banjar,Kalimantan Selatan,0.3678252,Sangat Tahan
0.29,4.6,38.49,0.43,35.7,7.9,2.63,66.8,15.9,82.85,Barito Kuala,Kalimantan Selatan,0.3678252,Sangat Tahan
0.32,3.19,22.17,0.18,24.05,8.13,2.4,71.16,14.4,88.58,Tapin,Kalimantan Selatan,0.3678252,Sangat Tahan
0.47,4.01,24.06,0.11,30.53,8.19,1.31,66.9,25.4,83.19,Hulu Sungai Selatan,Kalimantan Selatan,0.3678252,Sangat Tahan
0.42,5.84,43.54,0.08,40.01,8.46,1.25,66.86,13.0,81.3,Hulu Sungai Tengah,Kalimantan Selatan,0.3678252,Sangat Tahan
0.51,6.25,15.28,0.0,27.66,8.06,0.95,64.97,36.0,81.2,Hulu Sungai Utara,Kalimantan Selatan,0.3678252,Sangat Tahan
0.76,5.77,19.86,0.1,20.34,9.21,3.12,71.28,18.1,85.94,Tabalong,Kalimantan Selatan,0.3678252,Sangat Tahan
1.36,4.12,17.12,0.0,11.33,8.53,2.95,70.94,25.1,83.15,Tanah Bumbu,Kalimantan Selatan,0.3678252,Sangat Tahan
1.0,5.22,15.66,0.18,12.79,8.36,2.35,68.4,33.4,82.7,Balangan,Kalimantan Selatan,0.3678252,Sangat Tahan
0.0,4.63,11.39,0.0,0.01,10.05,0.02,71.89,26.5,85.62,Kota Banjarmasin,Kalimantan Selatan,0.3678252,Sangat Tahan
0.0,3.92,7.25,0.0,13.93,11.05,0.18,72.62,12.4,86.34,Kota Banjarbaru,Kalimantan Selatan,0.3678252,Sangat Tahan
1.68,9.11,16.65,0.0,16.49,9.35,7.27,72.99,22.4,80.04,Paser,Kalimantan Timur,0.19818,Sangat Tahan
1.08,7.61,9.85,0.03,2.51,9.15,10.69,72.75,17.6,87.17,Kutai Kartanegara,Kalimantan Timur,0.19818,Sangat Tahan
1.9,5.54,4.81,0.0,6.56,9.54,14.55,72.41,23.0,81.91,Berau,Kalimantan Timur,0.19818,Sangat Tahan
4.66,9.72,12.58,0.06,21.44,8.9,10.26,73.19,22.0,60.87,Kutai Barat,Kalimantan Timur,0.19818,Tahan
4.78,9.06,6.75,0.66,12.47,9.4,13.67,73.57,29.0,61.64,Kutai Timur,Kalimantan Timur,0.19818,Tahan
0.76,6.97,7.13,0.28,4.31,8.65,3.81,71.83,24.6,88.11,Penajam Paser Utara,Kalimantan Timur,0.19818,Sangat Tahan
5.0,11.38,22.33,1.04,12.76,9.1,47.25,72.46,23.2,56.53,Mahakam Ulu,Kalimantan Timur,0.19818,Tahan
0.0,2.31,2.89,0.0,2.06,10.67,0.13,74.89,21.6,91.23,Kota Balikpapan,Kalimantan Timur,0.19818,Sangat Tahan
0.0,4.81,2.22,0.0,0.89,11.41,0.16,74.68,24.4,89.68,Kota Samarinda,Kalimantan Timur,0.19818,Sangat Tahan
0.0,4.11,4.02,0.23,0.01,11.12,0.13,74.67,27.4,88.89,Kota Bontang,Kalimantan Timur,0.19818,Sangat Tahan
2.19,8.99,9.75,0.0,18.8,9.06,13.78,72.78,22.6,76.61,Bulungan,Kalimantan Utara,0.0533802,Sangat Tahan
2.1,6.54,10.47,3.65,27.49,9.22,42.89,71.51,20.5,74.67,Malinau,Kalimantan Utara,0.0533802,Sangat Tahan
1.67,5.53,14.95,0.0,30.1,8.53,13.26,71.42,15.8,78.8,Nunukan,Kalimantan Utara,0.0533802,Sangat Tahan
5.0,4.62,10.31,3.24,16.79,8.66,10.43,71.53,15.1,61.25,Tana Tidung,Kalimantan Utara,0.0533802,Tahan
0.0,6.1,4.34,0.0,3.61,10.57,0.17,74.08,14.8,87.53,Kota Tarakan,Kalimantan Utara,0.0533802,Sangat Tahan
0.34,7.37,33.54,0.0,28.53,8.81,3.02,70.07,24.8,84.02,Bolaang Mongondow,Sulawesi Utara,0.3140556,Sangat Tahan
1.71,6.87,24.85,0.0,20.89,10.61,0.71,71.82,23.1,79.61,Minahasa,Sulawesi Utara,0.3140556,Sangat Tahan
4.2,11.01,32.81,1.79,27.43,9.23,0.65,70.78,19.0,60.47,Kepulauan Sangihe,Sulawesi Utara,0.3140556,Tahan
1.07,8.46,49.2,0.13,29.79,10.01,1.41,70.91,19.3,79.36,Kepulauan Talaud,Sulawesi Utara,0.3140556,Sangat Tahan
2.26,8.89,41.07,0.0,21.34,9.76,2.02,70.71,26.4,72.82,Minahasa Selatan,Sulawesi Utara,0.3140556,Sangat Tahan
2.2,6.65,35.63,0.32,10.85,10.49,0.78,71.99,10.9,78.79,Minahasa Utara,Sulawesi Utara,0.3140556,Sangat Tahan
1.88,11.84,47.24,0.21,13.73,9.18,1.4,70.86,15.0,75.82,Minahasa Tenggara,Sulawesi Utara,0.3140556,Sangat Tahan
0.75,7.9,37.95,0.21,26.84,8.92,2.91,68.33,27.8,80.12,Bolaang Mongondow Utara,Sulawesi Utara,0.3140556,Sangat Tahan
5.0,8.76,28.25,3.2,49.95,9.68,0.44,71.59,24.9,53.11,Kep. Siau Tagulandang Biaro,Sulawesi Utara,0.3140556,Tahan
1.84,5.8,31.36,0.28,23.25,8.61,1.14,68.51,28.4,75.22,Bolaang Mongondow Timur,Sulawesi Utara,0.3140556,Sangat Tahan
1.42,12.04,42.53,0.28,27.48,8.65,3.16,64.95,33.0,71.81,Bolaang Mongondow Selatan,Sulawesi Utara,0.3140556,Sangat Tahan
0.0,5.79,14.92,0.0,2.91,11.25,0.03,72.5,21.8,87.56,Kota Manado,Sulawesi Utara,0.3140556,Sangat Tahan
0.0,6.56,32.91,0.01,4.42,10.11,0.29,71.68,19.5,82.0,Kota Bitung,Sulawesi Utara,0.3140556,Sangat Tahan
0.0,5.6,34.71,0.0,19.78,11.24,0.19,72.84,10.5,83.92,Kota Tomohon,Sulawesi Utara,0.3140556,Sangat Tahan
0.0,5.03,23.29,0.0,17.6,10.08,0.11,71.34,20.5,80.21,Kota Kotamobagu,Sulawesi Utara,0.3140556,Sangat Tahan
0.36,6.94,15.85,0.28,30.04,8.83,3.99,71.02,29.1,85.14,Banggai,Sulawesi Tengah,0.501438,Sangat Tahan
0.44,15.16,16.07,0.2,15.74,9.53,5.38,71.33,26.5,84.6,Poso,Sulawesi Tengah,0.501438,Sangat Tahan
0.86,16.25,24.07,3.42,39.7,8.2,4.74,67.86,34.1,73.97,Donggala,Sulawesi Tengah,0.501438,Sangat Tahan
0.72,12.85,8.9,1.44,31.23,8.87,2.6,66.78,29.0,79.39,Tolitoli,Sulawesi Tengah,0.501438,Sangat Tahan
1.09,13.36,15.92,0.59,17.55,9.58,4.27,69.73,30.0,79.97,Buol,Sulawesi Tengah,0.501438,Sangat Tahan
1.04,12.31,11.55,0.0,14.99,8.86,2.97,69.37,26.0,81.44,Morowali,Sulawesi Tengah,0.501438,Sangat Tahan
3.01,12.9,26.64,2.19,14.24,8.79,2.79,66.87,27.7,66.5,Banggai Kepulauan,Sulawesi Tengah,0.501438,Tahan
0.32,14.91,21.5,0.83,30.86,8.34,3.29,64.62,28.5,78.91,Parigi Moutong,Sulawesi Tengah,0.501438,Sangat Tahan
1.77,16.74,22.58,2.08,13.32,8.93,4.41,66.41,21.3,73.78,Tojo Una-Una,Sulawesi Tengah,0.501438,Sangat Tahan
0.46,12.83,22.59,0.49,43.58,9.39,4.2,70.35,26.4,80.06,Sigi,Sulawesi Tengah,0.501438,Sangat Tahan
5.0,14.15,26.33,4.72,25.14,8.61,0.96,66.08,25.6,51.91,Banggai Laut,Sulawesi Tengah,0.501438,Tahan
0.63,12.85,21.62,0.37,26.66,8.88,8.65,69.97,24.7,81.21,Morowali Utara,Sulawesi Tengah,0.501438,Sangat Tahan
0.0,6.56,10.97,0.0,13.53,11.43,0.1,71.45,22.1,82.43,Kota Palu,Sulawesi Tengah,0.501438,Sangat Tahan
2.11,12.27,37.76,0.12,14.34,8.62,0.77,69.04,31.3,72.03,Kepulauan Selayar,Sulawesi Selatan,1.443687,Sangat Tahan
0.34,7.22,26.79,1.76,22.48,8.38,0.51,68.84,33.7,83.73,Bulukumba,Sulawesi Selatan,1.443687,Sangat Tahan
0.44,9.18,27.72,0.0,12.43,7.53,0.28,71.11,15.8,86.59,Bantaeng,Sulawesi Selatan,1.443687,Sangat Tahan
0.41,13.06,25.78,0.27,11.07,7.75,0.39,66.99,36.3,81.67,Jeneponto,Sulawesi Selatan,1.443687,Sangat Tahan
0.41,8.29,20.56,0.0,10.38,8.0,0.27,67.9,35.4,84.63,Takalar,Sulawesi Selatan,1.443687,Sangat Tahan
0.32,7.42,18.94,0.0,20.29,8.84,0.74,70.89,21.1,87.53,Gowa,Sulawesi Selatan,1.443687,Sangat Tahan
0.44,8.55,25.6,0.45,22.62,8.19,0.48,67.92,33.5,82.31,Sinjai,Sulawesi Selatan,1.443687,Sangat Tahan
0.16,10.53,5.79,0.65,22.1,7.85,1.26,67.85,26.0,85.66,Bone,Sulawesi Selatan,1.443687,Sangat Tahan
0.37,9.65,17.05,0.14,21.5,8.15,0.74,69.45,34.7,83.73,Maros,Sulawesi Selatan,1.443687,Sangat Tahan
0.56,13.4,13.98,1.87,24.18,8.87,0.4,67.36,30.0,81.0,Pangkajene Dan Kepulauan,Sulawesi Selatan,1.443687,Sangat Tahan
0.3,8.46,19.92,0.4,19.02,8.91,0.99,69.55,22.1,86.67,Barru,Sulawesi Selatan,1.443687,Sangat Tahan
0.14,7.48,13.73,0.5,22.95,8.58,0.86,70.5,24.0,87.9,Soppeng,Sulawesi Selatan,1.443687,Sangat Tahan
0.11,6.73,18.54,0.01,20.04,7.98,1.47,68.1,27.4,86.65,Wajo,Sulawesi Selatan,1.443687,Sangat Tahan
0.12,5.14,19.71,0.0,24.51,8.43,0.99,70.74,26.4,87.92,Sidenreng Rappang,Sulawesi Selatan,1.443687,Sangat Tahan
0.17,8.9,28.67,0.26,22.62,8.82,0.91,70.49,17.6,86.94,Pinrang,Sulawesi Selatan,1.443687,Sangat Tahan
0.7,12.69,26.02,0.25,26.74,8.96,1.23,71.34,34.9,80.31,Enrekang,Sulawesi Selatan,1.443687,Sangat Tahan
0.23,12.71,27.34,0.28,34.16,9.19,1.23,71.0,32.1,82.23,Luwu,Sulawesi Selatan,1.443687,Sangat Tahan
0.74,12.48,33.12,0.29,48.81,8.63,1.49,73.99,36.9,76.88,Tana Toraja,Sulawesi Selatan,1.443687,Sangat Tahan
0.26,12.66,17.99,0.05,20.67,8.52,4.12,69.36,15.5,85.66,Luwu Utara,Sulawesi Selatan,1.443687,Sangat Tahan
0.25,6.93,15.97,0.12,20.83,8.83,3.09,71.19,26.0,87.73,Luwu Timur,Sulawesi Selatan,1.443687,Sangat Tahan
0.58,12.12,35.69,0.71,40.06,9.03,0.84,73.83,28.7,80.25,Toraja Utara,Sulawesi Selatan,1.443687,Sangat Tahan
0.0,5.07,7.66,0.0,2.39,11.33,0.01,72.6,25.6,87.95,Kota Makassar,Sulawesi Selatan,1.443687,Sangat Tahan
0.0,5.34,8.34,0.63,6.5,10.82,0.07,71.78,26.7,82.76,Kota Pare Pare,Sulawesi Selatan,1.443687,Sangat Tahan
0.0,7.69,16.23,0.04,3.66,11.29,0.14,71.39,25.5,83.05,Kota Palopo,Sulawesi Selatan,1.443687,Sangat Tahan
0.8,11.8,21.1,0.0,17.27,9.82,1.94,71.42,23.8,83.69,Kolaka,Sulawesi Tenggara,0.4382496,Sangat Tahan
0.32,13.02,12.43,0.0,17.39,9.64,2.07,70.44,27.8,85.89,Konawe,Sulawesi Tenggara,0.4382496,Sangat Tahan
2.03,14.07,20.23,0.34,27.59,8.24,0.83,70.56,29.2,71.93,Muna,Sulawesi Tenggara,0.4382496,Sangat Tahan
1.85,13.77,26.83,0.23,17.89,8.81,1.64,68.56,37.2,72.59,Buton,Sulawesi Tenggara,0.4382496,Sangat Tahan
0.64,11.26,15.02,0.01,10.6,8.71,3.16,71.02,33.6,84.41,Konawe Selatan,Sulawesi Tenggara,0.4382496,Sangat Tahan
0.41,10.73,24.82,0.28,5.66,8.39,3.27,69.34,30.4,85.33,Bombana,Sulawesi Tenggara,0.4382496,Sangat Tahan
3.54,14.81,14.16,0.42,30.22,8.62,0.5,70.72,31.9,62.54,Wakatobi,Sulawesi Tenggara,0.4382496,Tahan
2.82,13.57,20.19,0.06,9.23,9.22,2.58,70.47,31.8,70.26,Kolaka Utara,Sulawesi Tenggara,0.4382496,Sangat Tahan
1.36,13.48,14.75,0.13,12.53,9.54,4.72,69.68,24.7,79.71,Konawe Utara,Sulawesi Tenggara,0.4382496,Sangat Tahan
0.97,14.06,13.11,0.67,11.93,8.94,2.36,71.02,33.9,81.4,Buton Utara,Sulawesi Tenggara,0.4382496,Sangat Tahan
0.27,14.04,14.02,0.13,19.3,8.83,4.62,73.01,31.3,85.54,Kolaka Timur,Sulawesi Tenggara,0.4382496,Sangat Tahan
5.0,15.9,14.47,0.0,21.11,9.33,1.8,68.52,31.3,54.01,Konawe Kepulauan,Sulawesi Tenggara,0.4382496,Tahan
0.82,14.03,17.12,3.42,34.15,8.58,1.15,70.46,24.4,79.06,Muna Barat,Sulawesi Tenggara,0.4382496,Sangat Tahan
2.81,15.43,12.79,0.12,10.97,6.88,1.07,67.9,36.8,67.07,Buton Tengah,Sulawesi Tenggara,0.4382496,Tahan
1.27,14.76,29.53,0.24,48.86,7.89,0.56,67.86,37.1,70.01,Buton Selatan,Sulawesi Tenggara,0.4382496,Sangat Tahan
0.0,4.59,11.06,0.0,3.79,12.08,0.08,74.07,25.7,89.67,Kota Kendari,Sulawesi Tenggara,0.4382496,Sangat Tahan
0.0,7.53,5.94,0.09,5.69,11.1,0.24,71.51,29.7,80.49,Kota Bau Bau,Sulawesi Tenggara,0.4382496,Sangat Tahan
0.43,17.48,33.79,1.45,16.35,8.63,1.06,68.09,34.7,79.5,Gorontalo,Gorontalo,0.2707176,Sangat Tahan
0.24,18.38,47.86,1.18,16.23,8.21,1.97,69.92,16.0,81.91,Boalemo,Gorontalo,0.2707176,Sangat Tahan
0.8,15.51,33.85,0.42,11.21,8.91,1.84,69.24,27.1,80.32,Bone Bolango,Gorontalo,0.2707176,Sangat Tahan
0.26,17.64,46.06,0.09,3.4,8.28,4.97,64.95,18.4,81.71,Pahuwato,Gorontalo,0.2707176,Sangat Tahan
0.31,17.03,50.67,0.6,13.44,7.85,2.24,66.67,30.5,78.88,Gorontalo Utara,Gorontalo,0.2707176,Sangat Tahan
0.0,5.64,9.89,0.0,3.53,10.58,0.04,73.25,23.6,86.5,Kota Gorontalo,Gorontalo,0.2707176,Sangat Tahan
5.0,4.79,21.29,0.43,17.14,8.51,4.1,67.33,27.9,57.34,Pasangkayu,Sulawesi Barat,0.251358,Tahan
0.81,7.57,12.87,1.09,24.96,8.31,2.25,68.66,32.8,81.47,Mamuju,Sulawesi Barat,0.251358,Sangat Tahan
0.58,14.31,25.18,0.94,70.51,8.58,2.49,71.45,37.6,73.19,Mamasa,Sulawesi Barat,0.251358,Sangat Tahan
0.52,16.08,32.06,0.3,30.23,8.01,0.9,63.2,28.1,75.87,Polewali Mandar,Sulawesi Barat,0.251358,Sangat Tahan
2.92,14.54,26.36,0.05,9.18,9.66,0.77,62.56,30.5,65.8,Majene,Sulawesi Barat,0.251358,Tahan
1.56,7.32,11.42,0.83,20.96,7.88,2.99,69.37,27.9,78.29,Mamuju Tengah,Sulawesi Barat,0.251358,Sangat Tahan
1.9,17.84,13.99,1.56,22.59,10.13,4.12,67.04,29.4,71.92,Maluku Tengah,Maluku,0.2305926,Sangat Tahan
5.0,21.79,6.0,1.14,32.96,9.74,1.27,65.78,34.0,49.43,Maluku Tenggara,Maluku,0.2305926,Rentan
5.0,24.47,8.86,1.18,24.47,10.35,4.93,63.99,25.1,49.94,Kepulauan Tanimbar,Maluku,0.2305926,Rentan
0.6,16.53,12.45,0.65,28.66,9.34,4.57,67.03,20.3,80.21,Buru,Maluku,0.2305926,Sangat Tahan
0.88,21.08,12.56,9.09,39.59,8.88,4.38,60.46,27.5,70.57,Seram Bagian Timur,Maluku,0.2305926,Sangat Tahan
2.3,22.39,19.9,2.66,45.87,9.78,4.36,62.61,31.4,61.29,Seram Bagian Barat,Maluku,0.2305926,Tahan
5.0,24.21,15.84,34.1,30.55,9.43,11.36,63.57,40.6,43.15,Kepulauan Aru,Maluku,0.2305926,Rentan
1.31,28.78,21.31,4.16,39.73,9.31,5.56,63.39,29.9,65.95,Maluku Barat Daya,Maluku,0.2305926,Tahan
4.35,15.28,20.34,6.53,36.6,8.92,4.08,66.96,35.5,53.32,Buru Selatan,Maluku,0.2305926,Tahan
0.0,5.25,2.14,0.12,13.2,12.05,0.09,71.37,20.7,84.56,Kota Ambon,Maluku,0.2305926,Sangat Tahan
0.0,20.68,5.29,0.63,12.48,10.7,0.35,66.65,32.0,59.11,Kota Tual,Maluku,0.2305926,Tahan
5.0,8.74,7.39,3.44,42.6,8.65,3.39,66.91,26.1,53.07,Halmahera Barat,Maluku Utara,0.1242738,Tahan
5.0,11.44,4.21,0.19,35.58,9.48,3.12,65.06,29.5,52.96,Halmahera Tengah,Maluku Utara,0.1242738,Tahan
4.36,4.62,12.71,0.13,27.66,8.87,2.8,70.11,24.3,62.34,Halmahera Utara,Maluku Utara,0.1242738,Tahan
5.0,5.68,19.71,6.55,38.45,8.41,4.27,66.5,30.4,52.69,Halmahera Selatan,Maluku Utara,0.1242738,Tahan
5.0,8.17,17.48,1.63,47.2,9.34,4.27,63.94,18.8,51.76,Kepulauan Sula,Maluku Utara,0.1242738,Tahan
0.84,12.47,16.77,0.91,36.14,8.88,8.88,69.9,19.0,79.63,Halmahera Timur,Maluku Utara,0.1242738,Sangat Tahan
4.27,5.38,23.9,0.0,33.98,7.91,4.0,68.1,11.7,60.71,Pulau Morotai,Maluku Utara,0.1242738,Tahan
5.0,7.31,21.22,20.79,45.09,8.62,5.23,62.79,30.6,48.28,Pulau Taliabu,Maluku Utara,0.1242738,Rentan
0.0,3.39,5.25,0.0,6.54,11.74,0.12,71.7,21.1,88.24,Kota Ternate,Maluku Utara,0.1242738,Sangat Tahan
0.0,6.35,7.71,0.0,37.75,10.17,1.44,70.1,21.3,64.68,Kota Tidore Kepulauan,Maluku Utara,0.1242738,Tahan
0.24,10.01,11.18,6.21,23.56,10.06,32.29,67.6,23.8,84.07,Merauke,Papua Selatan,0.1547352,Sangat Tahan
5.0,34.71,37.14,9.85,77.16,6.19,3.68,60.5,33.2,30.4,Jayawijaya,Papua Pegunungan,0.4730094,Rentan
2.48,11.45,29.35,2.77,38.66,9.99,13.14,67.78,26.9,66.89,Jayapura,Papua,0.1916508,Tahan
2.64,23.35,11.85,4.12,21.23,10.45,10.2,68.73,22.2,66.97,Nabire,Papua Tengah,0.5404416,Tahan
5.0,25.89,20.37,18.9,27.44,9.16,3.34,69.63,39.9,46.8,Kepulauan Yapen,Papua,0.1916508,Rentan
5.0,23.53,8.7,0.06,39.3,10.17,1.82,68.74,33.7,49.23,Biak Numfor,Papua,0.1916508,Rentan
5.0,35.6,31.47,57.88,88.21,4.51,29.2,65.9,32.36666666666667,24.19,Puncak Jaya,Papua Tengah,0.5404416,Rentan
5.0,35.39,58.08,40.36,99.01,3.97,7.96,67.22,32.36666666666667,22.27,Paniai,Papua Tengah,0.5404416,Rentan
0.73,13.55,8.46,7.21,20.61,9.96,9.57,72.83,24.7,83.64,Mimika,Papua Tengah,0.5404416,Sangat Tahan
2.71,13.21,27.48,5.58,40.22,10.03,37.92,67.07,26.5,63.07,Sarmi,Papua,0.1916508,Tahan
3.05,15.68,22.7,6.7,75.39,8.41,18.5,67.24,34.4,54.21,Keerom,Papua,0.1916508,Tahan
5.0,29.79,47.68,70.03,79.27,3.52,39.4,64.99,35.233333333333334,25.07,Pegunungan Bintang,Papua Pegunungan,0.4730094,Rentan
5.0,36.08,62.73,49.73,66.4,4.13,45.09,66.42,35.233333333333334,25.62,Yahukimo,Papua Pegunungan,0.4730094,Rentan
5.0,31.57,80.25,9.58,97.09,2.38,10.42,66.33,35.233333333333334,22.83,Tolikara,Papua Pegunungan,0.4730094,Rentan
3.74,29.16,22.18,12.17,59.99,8.86,35.11,66.92,26.2,47.38,Waropen,Papua,0.1916508,Rentan
5.0,19.8,22.29,11.35,39.3,9.16,35.64,60.97,31.4,43.19,Boven Digoel,Papua Selatan,0.1547352,Rentan
4.62,25.72,39.8,20.82,81.8,6.96,45.27,65.9,28.6,35.44,Mappi,Papua Selatan,0.1547352,Rentan
2.16,24.36,42.02,51.3,83.74,6.3,40.28,59.19,27.933333333333337,45.99,Asmat,Papua Selatan,0.1547352,Rentan
5.0,36.99,58.02,25.66,63.52,9.27,1.64,66.66,37.7,32.69,Supiori,Papua,0.1916508,Rentan
5.0,29.63,55.64,6.95,98.98,8.59,86.82,58.54,40.0,23.09,Mamberamo Raya,Papua,0.1916508,Rentan
5.0,35.42,90.22,14.4,99.0,5.0,32.55,64.14,33.0,21.51,Mamberamo Tengah,Papua Pegunungan,0.4730094,Rentan
5.0,30.97,21.48,38.06,50.98,6.78,17.3,65.95,35.233333333333334,37.8,Yalimo,Papua Pegunungan,0.4730094,Rentan
5.0,36.94,91.5,21.3,99.62,4.28,8.67,66.51,39.5,21.33,Lanny Jaya,Papua Pegunungan,0.4730094,Rentan
5.0,37.09,59.71,38.0,98.15,4.64,26.28,55.72,35.233333333333334,17.1,Nduga,Papua Pegunungan,0.4730094,Rentan
5.0,36.44,93.04,19.1,21.79,1.43,53.48,66.4,32.36666666666667,30.12,Puncak,Papua Tengah,0.5404416,Rentan
4.48,29.2,49.11,58.86,66.66,4.3,12.95,66.39,32.36666666666667,31.37,Dogiyai,Papua Tengah,0.5404416,Rentan
5.0,40.01,61.16,69.89,92.0,1.28,60.62,66.12,32.36666666666667,14.14,Intan Jaya,Papua Tengah,0.5404416,Rentan
5.0,38.66,52.5,27.85,92.0,2.23,20.93,65.93,50.2,21.35,Deiyai,Papua Tengah,0.5404416,Rentan
0.0,10.5,4.53,0.0,9.55,11.68,0.35,71.07,21.3,78.35,Kota Jayapura,Papua,0.1916508,Sangat Tahan
4.05,26.88,9.48,0.62,52.18,9.07,6.37,66.89,27.3,50.88,Sorong,Papua Barat Daya,0.1225638,Rentan
1.71,18.73,7.11,0.0,43.21,9.64,2.07,69.55,25.100000000000005,71.81,Manokwari,Papua Barat,0.1315242,Sangat Tahan
5.0,21.38,9.95,2.65,50.37,10.78,10.15,69.02,30.5,48.2,Fakfak,Papua Barat,0.1315242,Rentan
5.0,18.11,20.7,20.76,79.81,8.23,10.3,67.01,31.3,40.39,Sorong Selatan,Papua Barat Daya,0.1225638,Rentan
3.64,16.76,22.53,5.98,49.35,8.55,9.53,65.41,30.9,54.42,Raja Ampat,Papua Barat Daya,0.1225638,Tahan
5.0,28.24,18.33,4.55,42.97,9.9,24.62,61.76,19.6,43.12,Teluk Bintuni,Papua Barat,0.1315242,Rentan
5.0,28.9,23.42,13.69,72.04,8.44,10.8,60.86,19.7,36.76,Teluk Wondama,Papua Barat,0.1315242,Rentan
5.0,14.57,19.07,12.83,43.79,9.86,24.48,65.62,25.7,48.19,Kaimana,Papua Barat,0.1315242,Rentan
3.42,31.23,29.51,5.81,47.0,8.33,56.66,61.14,31.8,45.92,Tambrauw,Papua Barat Daya,0.1225638,Rentan
5.0,30.28,4.43,0.24,61.0,9.97,15.17,65.82,30.46,41.27,Maybrat,Papua Barat Daya,0.1225638,Rentan
1.01,27.8,11.84,3.6,18.33,8.48,5.89,68.09,20.4,74.91,Manokwari Selatan,Papua Barat,0.1315242,Sangat Tahan
5.0,32.29,23.13,35.55,58.55,6.35,20.75,67.71,34.7,35.53,Pegunungan Arfak,Papua Barat,0.1315242,Rentan
0.0,14.41,4.77,0.0,5.16,11.63,0.17,71.92,31.0,76.32,Kota Sorong,Papua Barat Daya,0.1225638,Sangat Tahan
