Wilayah,Komposit,NCPR,Kemiskinan (%),Pengeluaran Pangan (%),Tanpa Listrik (%),Tanpa Air Bersih (%),Lama Sekolah Perempuan (tahun),Rasio Tenaga Kesehatan,Angka Harapan Hidup (tahun),Stunting (%),IKP,IKP Ranking,
aceh - aceh selatan,5,0.98,12.43,47.68,0.21,41.78,8.09,2.37,64.64,34.80,71.11,287,
aceh - aceh tenggara,6,0.33,12.83,25.28,0.07,47.30,9.94,2.33,68.48,36.70,78.47,184,
aceh - aceh timur,6,0.58,13.91,37.31,0.07,45.47,8.83,1.69,68.94,33.60,75.78,232,
aceh - aceh tengah,4,2.99,14.50,22.82,0.15,28.05,10.03,2.15,69.05,32.00,65.57,327,
aceh - aceh barat,6,0.59,17.93,28.02,0.00,18.32,10.00,1.47,68.19,30.40,79.95,159,
aceh - aceh besar,6,0.37,13.38,28.21,0.05,9.93,10.60,1.39,69.99,27.00,85.62,43,
aceh - pidie,6,0.44,18.79,49.20,0.03,35.13,9.28,0.69,67.15,27.80,75.69,234,
aceh - aceh utara,6,0.35,16.86,46.36,0.44,35.32,9.14,0.56,69.01,38.30,76.66,219,
aceh - simeulue,5,1.33,18.37,40.54,0.99,15.13,9.74,1.67,65.48,37.20,72.51,273,
aceh - aceh singkil,2,5.00,19.18,35.00,0.00,41.74,8.98,1.77,67.65,34.00,47.06,390,
aceh - bireuen,6,0.52,12.51,38.60,0.52,31.90,9.53,0.48,71.48,23.40,81.34,135,
aceh - aceh barat daya,6,0.42,15.44,52.71,0.00,21.67,9.05,1.66,65.30,35.20,76.93,211,
aceh - gayo lues,5,0.53,18.87,38.01,0.13,23.98,8.21,6.44,65.77,34.60,75.49,238,
aceh - aceh jaya,6,0.41,12.51,37.53,0.24,31.33,8.69,4.48,67.40,19.90,80.22,156,
aceh - nagan raya,6,0.98,17.38,39.15,0.00,24.01,9.30,2.15,69.45,28.80,76.29,226,
aceh - aceh tamiang,6,0.93,12.61,25.26,0.00,14.46,9.43,1.23,69.87,27.40,81.41,129,
aceh - bener meriah,2,5.00,18.39,28.86,0.17,63.44,10.20,1.20,69.48,37.00,45.67,392,
aceh - pidie jaya,6,0.33,18.45,53.29,0.10,28.80,9.85,0.47,70.41,37.80,77.69,197,
aceh - kota banda aceh,6,0.00,7.13,6.99,0.00,0.81,12.86,0.01,71.79,25.10,86.97,35,
aceh - kota sabang,6,0.00,14.66,13.27,1.02,2.49,10.98,0.19,70.79,23.40,73.88,85,
aceh - kota lhokseumawe,6,0.00,10.62,6.20,0.00,10.04,10.99,0.16,69.63,22.10,76.95,77,
aceh - kota langsa,6,0.00,10.84,14.40,0.00,2.95,11.12,0.06,71.87,28.10,80.67,62,
aceh - kota subulussalam,2,0.00,16.94,36.08,0.00,56.32,8.53,1.45,64.30,47.90,36.09,98,
sumatera utara - tapanuli tengah,5,1.42,11.71,46.02,0.72,35.65,9.23,1.42,67.58,30.50,72.18,277,
sumatera utara - tapanuli utara,6,0.33,8.93,60.01,0.56,55.03,10.18,2.40,69.16,27.40,77.29,204,
sumatera utara - tapanuli selatan,5,0.53,8.07,40.01,1.34,61.80,9.50,3.33,65.28,39.40,73.40,262,
sumatera utara - nias,5,0.75,16.00,31.90,8.30,65.38,7.20,0.83,70.06,25.30,71.38,285,
sumatera utara - langkat,6,1.36,9.49,40.49,0.21,28.61,8.82,1.71,69.39,18.60,76.89,214,
sumatera utara - karo,6,0.29,8.17,58.54,0.01,43.36,10.18,1.52,72.03,24.90,81.35,134,
sumatera utara - deli serdang,6,0.90,3.62,27.60,0.34,20.06,10.32,0.53,72.07,13.90,86.81,31,
sumatera utara - simalungun,6,0.58,8.26,39.04,0.20,44.91,9.76,1.75,71.78,17.40,81.41,130,
sumatera utara - asahan,5,2.07,8.64,29.66,0.02,27.85,8.91,1.78,68.73,15.30,73.99,254,
sumatera utara - labuhanbatu,6,1.15,8.26,30.62,0.60,39.74,9.65,1.38,70.37,23.90,77.96,191,
sumatera utara - dairi,6,0.42,7.88,27.03,0.50,36.19,10.28,2.04,69.64,28.60,82.92,104,
sumatera utara - toba samosir,6,0.31,8.89,50.04,0.40,30.95,10.66,1.97,70.76,24.80,83.09,98,
sumatera utara - mandailing natal,5,1.04,8.92,52.97,1.25,54.26,9.15,3.00,63.05,34.20,69.54,301,
sumatera utara - nias selatan,4,1.35,16.48,41.18,4.16,69.42,6.97,1.23,69.21,27.20,65.67,325,
sumatera utara - pakpak bharat,6,0.87,8.66,33.36,0.77,37.38,10.20,3.63,66.44,30.80,77.32,203,
sumatera utara - humbang hasundutan,6,0.37,8.86,50.33,0.44,48.18,10.02,3.28,70.02,29.60,78.90,180,
sumatera utara - samosir,6,0.41,11.77,41.66,0.57,49.16,9.17,2.92,71.82,26.30,78.89,181,
sumatera utara - serdang bedagai,6,0.19,7.82,37.23,0.04,34.74,9.04,1.43,69.21,21.10,83.76,80,
sumatera utara - batu bara,6,1.02,11.53,29.35,0.09,37.09,8.93,0.83,67.55,21.70,76.82,216,
sumatera utara - padang lawas utara,5,1.65,8.94,41.36,0.52,48.84,9.60,3.27,67.53,29.20,70.40,295,
sumatera utara - padang lawas,5,1.60,8.05,41.34,0.14,45.17,9.72,2.75,67.43,35.80,70.90,288,
sumatera utara - labuhanbatu selatan,3,5.00,8.09,27.13,0.20,23.32,9.26,2.88,69.16,26.40,56.18,364,
sumatera utara - labuhanbatu utara,6,0.93,9.09,36.23,0.31,29.87,9.33,2.31,69.91,7.30,81.22,139,
sumatera utara - nias utara,5,0.65,23.40,32.54,8.03,45.91,7.14,1.54,69.90,11.90,73.67,258,
sumatera utara - nias barat,4,1.57,24.75,24.74,6.80,78.41,7.28,0.58,69.43,29.40,61.20,344,
sumatera utara - kota medan,6,0.00,11.47,31.53,0.00,4.42,10.48,0.01,69.77,14.50,79.85,67,
sumatera utara - kota pematangsiantar,6,0.00,12.45,34.13,0.08,1.29,10.04,0.07,63.87,26.90,70.83,89,
sumatera utara - kota sibolga,6,0.00,7.88,13.76,0.00,8.95,11.43,0.04,74.25,14.30,87.19,33,
sumatera utara - kota tanjung balai,6,0.00,9.59,20.26,0.00,24.69,10.68,0.03,71.29,19.60,75.82,81,
sumatera utara - kota binjai,6,0.00,8.07,12.49,0.11,3.00,11.37,0.02,73.58,15.40,87.80,28,
sumatera utara - kota tebing tinggi,6,0.00,5.10,18.08,0.00,7.09,11.04,0.05,72.79,18.70,87.25,32,
sumatera utara - kota padang sidimpuan,5,0.00,6.89,28.27,0.35,38.21,10.95,0.13,69.84,28.80,69.90,90,
sumatera utara - kota gunungsitoli,5,0.00,14.81,17.94,0.29,25.20,8.44,0.27,71.71,17.70,65.13,95,
sumatera barat - pesisir selatan,6,0.40,7.11,24.11,0.20,19.50,9.01,2.78,71.25,29.80,85.95,40,
sumatera barat - solok,6,0.36,7.12,44.18,0.00,33.02,8.31,3.26,69.19,24.20,81.78,124,
sumatera barat - sijunjung,6,0.79,6.00,27.67,0.48,29.44,8.74,3.57,66.70,30.00,79.93,160,
sumatera barat - tanah datar,6,0.33,4.26,36.16,0.39,20.38,9.53,1.36,70.49,18.90,87.55,18,
sumatera barat - padang pariaman,6,0.51,6.25,28.13,0.46,30.84,8.76,0.94,69.34,25.00,83.13,96,
sumatera barat - agam,6,0.51,6.22,38.72,0.69,16.68,9.46,2.06,72.89,24.60,86.40,34,
sumatera barat - lima puluh kota,6,0.44,6.59,46.81,0.28,40.57,8.63,2.98,70.08,24.30,80.68,146,
sumatera barat - pasaman,6,0.30,6.85,42.69,0.61,37.17,8.21,2.90,67.96,28.90,80.59,149,
sumatera barat - kepulauan mentawai,2,3.17,13.97,54.54,11.19,73.70,7.98,8.20,64.93,32.00,50.91,379,
sumatera barat - dharmasraya,6,0.89,5.56,11.73,0.18,26.04,8.92,2.33,71.90,24.60,84.38,72,
sumatera barat - solok selatan,6,0.35,6.51,27.76,0.25,34.45,8.93,6.71,68.38,31.70,82.16,114,
sumatera barat - pasaman barat,6,0.55,6.93,44.76,0.15,26.54,9.61,2.22,68.25,35.50,80.67,147,
sumatera barat - kota padang,6,0.00,4.26,11.51,0.17,10.07,11.69,0.10,73.93,19.50,88.33,26,
sumatera barat - kota solok,6,0.00,3.02,11.75,0.00,1.43,11.49,0.05,74.06,18.10,92.87,4,
sumatera barat - kota sawahlunto,6,0.00,2.28,14.59,0.03,7.24,10.63,0.49,70.40,13.70,84.38,46,
sumatera barat - kota padang panjang,6,0.00,5.14,6.63,0.00,6.18,12.45,0.05,73.02,16.80,89.58,17,
sumatera barat - kota bukittinggi,6,0.00,4.46,10.39,0.00,7.04,12.01,0.02,74.82,16.80,91.78,7,
sumatera barat - kota payakumbuh,6,0.00,5.66,15.84,0.00,3.42,10.87,0.10,74.14,17.80,88.56,24,
sumatera barat - kota pariaman,6,0.00,4.13,28.81,0.21,20.69,11.08,0.08,70.67,18.40,81.57,58,
riau - kampar,3,5.00,7.12,29.57,0.16,30.10,9.52,4.52,71.12,14.50,57.59,361,
riau - indragiri hulu,3,5.00,6.14,14.99,1.54,20.61,8.44,5.13,70.48,16.70,59.35,352,
riau - bengkalis,4,4.19,6.32,24.11,0.64,44.43,9.47,4.55,71.50,8.40,61.68,340,
riau - indragiri hilir,5,1.48,5.98,28.26,4.57,69.59,7.62,6.05,68.31,28.50,69.29,306,
riau - pelalawan,5,3.35,8.97,21.26,1.00,18.55,8.96,8.43,71.53,11.20,69.49,302,
riau - rokan hulu,3,5.00,9.95,28.46,0.28,19.70,8.86,4.29,70.51,22.00,56.76,362,
riau - rokan hilir,4,3.21,6.73,25.23,0.13,36.14,8.62,3.81,70.69,14.70,67.45,314,
riau - siak,5,2.82,5.07,14.76,0.31,14.71,10.00,5.25,71.37,22.00,74.74,244,
riau - kuantan singingi,5,2.83,8.24,25.51,0.16,31.90,9.02,4.42,68.87,17.80,68.94,310,
riau - kepulauan meranti,5,0.09,23.84,15.14,1.63,94.46,8.46,5.31,68.09,17.50,70.47,293,
riau - kota pekanbaru,6,0.00,3.06,5.89,0.00,10.01,11.97,0.08,72.70,16.80,89.81,16,
riau - kota dumai,6,0.00,3.20,16.48,0.72,5.95,10.30,1.24,71.25,12.80,78.61,73,
jambi - kerinci,6,0.45,7.57,31.22,3.10,32.14,8.13,3.25,70.28,24.20,82.42,109,
jambi - merangin,5,1.93,8.70,33.83,0.00,51.24,8.01,3.50,71.53,14.50,71.66,281,
jambi - sarolangun,4,3.32,8.48,17.15,0.94,47.95,8.38,4.60,69.46,16.80,64.01,332,
jambi - batanghari,5,2.34,9.63,28.22,0.50,32.03,8.55,4.29,70.93,26.30,70.79,290,
jambi - muaro jambi,4,3.61,4.47,35.47,0.09,31.07,8.99,3.56,71.58,18.60,65.90,323,
jambi - tanjung jabung barat,4,3.11,10.00,29.35,0.78,51.22,8.54,4.27,68.43,9.90,63.59,334,
jambi - tanjung jabung timur,5,1.57,10.91,31.29,0.72,44.77,8.22,4.74,66.66,22.50,71.22,286,
jambi - bungo,4,3.69,5.38,23.03,0.58,24.82,8.34,2.70,68.13,15.40,65.60,326,
jambi - tebo,5,2.53,6.34,30.61,0.39,28.45,8.34,4.91,70.26,25.00,70.89,289,
jambi - kota jambi,6,0.00,8.33,15.43,0.00,10.54,11.11,0.04,72.99,14.00,84.66,45,
jambi - kota sungai penuh,6,0.00,2.97,15.08,0.00,7.94,10.03,0.32,72.53,26.00,83.14,53,
sumatera selatan - ogan komering ulu,5,1.80,11.61,26.09,0.00,28.16,9.09,1.67,68.55,19.90,74.36,247,
sumatera selatan - ogan komering ilir,6,0.26,13.23,42.81,0.58,43.08,7.44,6.29,69.01,15.10,79.04,177,
sumatera selatan - muara enim,5,1.72,11.12,25.08,0.38,36.49,8.14,2.65,69.38,22.80,73.22,265,
sumatera selatan - lahat,5,1.07,15.61,35.45,0.00,45.68,8.74,1.99,66.52,19.00,72.87,270,
sumatera selatan - musi rawas,6,0.47,13.34,36.72,0.29,27.52,7.77,3.82,68.62,25.40,79.56,166,
sumatera selatan - musi banyuasin,6,0.63,15.19,23.93,1.45,33.62,7.96,6.61,69.19,17.70,79.09,174,
sumatera selatan - banyuasin,6,0.17,10.00,33.73,0.05,54.97,7.55,5.32,69.43,24.80,78.91,179,
sumatera selatan - ogan komering ulu timur,6,0.16,10.05,17.01,0.00,36.25,8.33,1.46,69.48,19.10,84.52,68,
sumatera selatan - ogan komering ulu selatan,6,0.41,10.56,46.10,4.12,54.84,8.25,2.47,67.36,19.40,76.15,228,
sumatera selatan - ogan ilir,6,0.72,12.33,48.70,0.20,30.26,8.22,1.34,65.98,24.90,76.32,225,
sumatera selatan - empat lawang,5,1.30,12.03,23.04,0.25,68.72,7.70,2.35,65.45,18.50,69.27,307,
sumatera selatan - penukal abab lematang ilir,5,1.53,11.76,31.58,0.08,38.04,7.48,1.94,68.65,14.60,73.71,256,
sumatera selatan - musi rawas utara,4,2.76,18.45,38.22,0.49,43.42,7.42,6.65,66.08,20.20,60.31,346,
sumatera selatan - kota palembang,6,0.00,10.48,15.41,0.00,3.68,11.01,0.04,71.49,14.30,83.29,51,
sumatera selatan - kota pagar alam,5,0.00,11.28,14.11,0.11,37.52,10.27,0.25,70.87,12.30,68.83,91,
sumatera selatan - kota lubuklinggau,4,0.00,8.47,34.92,0.31,45.77,9.50,0.85,67.29,11.60,59.17,96,
sumatera selatan - kota prabumulih,5,0.00,12.68,25.84,0.00,34.39,9.42,0.27,69.82,11.70,66.26,93,
bengkulu - bengkulu selatan,5,0.44,17.86,36.72,0.16,58.04,9.53,1.00,68.15,23.20,74.63,245,
bengkulu - rejang lebong,5,1.13,15.65,23.55,1.10,58.18,9.01,1.21,69.00,20.20,72.67,271,
bengkulu - bengkulu utara,5,1.87,11.48,19.30,0.15,46.59,8.18,3.21,68.53,22.80,70.74,291,
bengkulu - kaur,5,0.80,18.10,43.80,0.24,43.08,8.16,3.69,67.01,12.40,73.90,255,
bengkulu - seluma,5,0.82,18.36,33.45,0.94,58.55,8.33,2.16,68.13,22.10,71.64,282,
bengkulu - mukomuko,6,1.09,11.44,23.08,0.00,34.55,8.52,3.77,67.00,22.30,76.63,221,
bengkulu - lebong,6,0.36,12.03,41.82,0.56,49.38,8.56,3.02,63.68,20.20,75.84,231,
bengkulu - kepahiang,5,1.51,14.53,29.80,0.56,55.28,8.27,0.94,68.28,24.90,69.41,305,
bengkulu - bengkulu tengah,4,3.07,9.76,24.35,0.00,58.50,7.36,1.49,68.37,21.20,61.54,342,
bengkulu - kota bengkulu,6,0.00,15.73,7.71,0.06,15.36,11.88,0.05,70.46,12.90,75.68,82,
lampung - lampung selatan,6,0.32,13.14,17.56,0.00,22.64,8.04,0.99,69.69,9.90,85.46,49,
lampung - lampung tengah,6,0.12,10.96,27.34,1.04,35.95,7.87,1.46,70.08,8.70,84.55,66,
lampung - lampung utara,5,0.18,18.41,37.32,0.00,64.11,8.50,1.25,69.57,24.70,74.94,242,
lampung - lampung barat,5,0.83,11.71,26.01,0.87,57.42,8.40,1.92,67.90,16.60,75.39,240,
lampung - tulang bawang,6,0.14,8.42,21.94,0.00,24.54,7.54,2.25,70.22,10.20,87.51,21,
lampung - tanggamus,5,0.91,10.98,34.77,0.36,55.07,7.24,2.06,68.95,20.40,74.19,250,
lampung - lampung timur,6,0.14,13.98,29.58,0.05,32.03,8.25,1.97,71.01,18.10,83.55,88,
lampung - way kanan,6,0.24,11.76,35.06,0.00,51.39,7.59,2.44,69.69,18.40,79.31,171,
lampung - pesawaran,6,0.44,13.85,34.50,0.00,44.37,8.01,1.08,69.44,25.10,77.89,192,
lampung - pringsewu,6,0.49,9.34,26.25,0.00,7.93,8.57,0.36,70.65,16.20,87.38,23,
lampung - mesuji,6,0.14,6.84,13.77,0.15,26.15,7.32,3.03,68.51,22.50,86.21,38,
lampung - tulang bawang barat,6,0.12,7.44,15.27,0.00,54.36,8.03,1.31,70.23,16.40,83.59,85,
lampung - pesisir barat,6,0.45,13.84,22.84,0.41,53.10,8.86,4.52,63.99,16.70,76.32,224,
lampung - kota bandar lampung,6,0.00,8.21,11.53,0.00,11.34,10.76,0.03,71.66,11.10,83.37,50,
lampung - kota metro,6,0.00,7.87,8.09,0.00,12.28,10.75,0.04,71.88,10.40,83.66,49,
kepulauan bangka belitung - bangka,6,1.74,4.26,20.61,0.09,14.61,8.62,1.68,71.37,16.20,81.31,137,
kepulauan bangka belitung - belitung,4,5.00,6.45,11.78,0.14,9.76,9.15,2.44,71.31,19.60,61.83,339,
kepulauan bangka belitung - bangka selatan,6,0.65,3.22,28.70,0.00,26.78,7.36,5.12,68.68,23.00,82.94,103,
kepulauan bangka belitung - bangka tengah,3,5.00,4.86,30.63,0.00,17.96,7.38,2.67,71.82,21.20,58.62,357,
kepulauan bangka belitung - bangka barat,4,4.25,2.46,20.23,0.28,22.34,7.58,3.29,70.25,20.50,63.76,333,
kepulauan bangka belitung - belitung timur,4,5.00,6.49,15.60,0.72,9.89,8.91,3.87,72.33,16.00,62.09,338,
kepulauan bangka belitung - kota pangkalpinang,6,0.00,4.55,6.99,0.00,9.10,10.22,0.07,73.68,12.90,87.42,31,
kepulauan riau - bintan,3,5.00,6.44,12.14,0.00,26.43,9.67,1.27,70.76,17.80,59.58,350,
kepulauan riau - karimun,4,5.00,6.87,9.99,0.00,9.06,9.35,0.83,71.53,13.30,62.97,335,
kepulauan riau - natuna,3,5.00,5.32,13.75,0.07,14.22,9.16,2.58,65.76,18.00,59.15,354,
kepulauan riau - lingga,3,5.00,14.05,21.06,1.47,20.03,8.07,3.34,62.92,18.90,52.41,375,
kepulauan riau - kepulauan anambas,3,5.00,7.51,12.14,0.37,38.69,8.45,1.18,67.73,14.00,55.72,366,
kepulauan riau - kota batam,6,0.00,5.19,5.23,0.26,1.68,10.93,0.22,73.62,15.20,88.10,27,
kepulauan riau - kota tanjungpinang,6,0.00,9.85,9.70,0.00,22.29,10.72,0.10,72.49,15.70,77.75,75,
dki jakarta - kepulauan seribu,3,5.00,14.11,44.82,0.28,1.54,9.32,0.05,69.20,20.50,56.63,363,
dki jakarta - jakarta pusat,6,0.00,3.52,5.19,0.06,19.11,11.35,0.01,74.49,11.90,88.64,23,
dki jakarta - jakarta utara,6,0.00,4.30,9.85,0.00,12.95,11.62,0.01,74.83,14.40,90.21,14,
dki jakarta - jakarta barat,6,0.00,4.90,8.22,0.35,4.13,11.39,0.00,74.48,14.00,91.00,11,
dki jakarta - jakarta selatan,6,0.00,4.22,5.30,0.16,1.90,10.83,0.01,73.81,15.20,90.84,12,
dki jakarta - jakarta timur,6,0.00,7.24,14.41,0.00,4.88,10.24,0.02,73.47,18.50,85.46,41,
jawa barat - bogor,5,2.66,7.73,25.63,0.05,31.34,8.59,0.30,71.65,24.90,70.57,292,
jawa barat - sukabumi,6,0.71,7.34,44.37,0.09,46.91,7.44,0.90,71.54,27.50,77.65,199,
jawa barat - cianjur,6,0.71,10.55,40.06,0.11,40.47,7.34,0.87,70.58,13.60,78.99,178,
jawa barat - bandung,6,1.39,6.80,17.03,0.00,20.49,9.27,0.32,74.01,25.00,82.48,108,
jawa barat - garut,6,0.50,10.42,51.21,0.00,48.49,8.14,0.61,71.85,23.60,78.04,190,
jawa barat - tasikmalaya,6,0.78,10.73,53.09,0.00,42.37,8.08,1.03,69.95,27.20,75.68,235,
jawa barat - ciamis,6,0.69,7.72,39.79,0.05,31.39,8.37,0.65,72.30,18.60,82.36,110,
jawa barat - kuningan,6,0.60,12.76,45.02,0.00,33.02,8.19,0.39,74.03,19.40,80.95,141,
jawa barat - cirebon,6,0.87,12.01,34.26,0.00,18.07,7.91,0.18,72.47,18.60,82.03,117,
jawa barat - majalengka,6,0.41,11.94,37.66,0.00,29.36,7.82,0.42,70.76,24.30,81.39,132,
jawa barat - sumedang,6,0.54,10.14,33.44,0.00,15.55,8.90,0.42,72.91,27.60,84.88,62,
jawa barat - indramayu,6,0.24,12.77,50.71,0.00,11.42,7.35,0.57,72.15,21.10,84.52,67,
jawa barat - subang,6,0.29,9.75,25.56,0.00,31.99,7.52,0.66,72.92,15.70,85.31,55,
jawa barat - purwakarta,6,0.95,8.70,34.45,0.00,28.42,8.10,0.30,71.47,21.80,80.42,152,
jawa barat - karawang,6,0.38,8.44,20.63,0.00,15.62,8.03,0.27,72.62,14.00,88.48,10,
jawa barat - bekasi,6,1.09,5.01,14.27,0.00,9.06,9.69,0.13,74.04,17.80,88.05,13,
jawa barat - bandung barat,5,1.68,10.82,40.51,0.00,31.91,8.30,0.47,72.79,27.30,74.19,251,
jawa barat - pangandaran,6,0.54,9.32,38.57,0.35,23.15,8.20,0.94,71.89,20.00,83.57,86,
jawa barat - kota bogor,6,0.00,7.10,8.64,0.00,13.70,10.45,0.02,74.13,18.70,83.78,47,
jawa barat - kota sukabumi,6,0.00,8.02,19.97,0.15,20.09,10.26,0.02,72.85,19.20,79.08,71,
jawa barat - kota bandung,6,0.00,4.25,9.36,0.00,4.17,10.86,0.01,74.75,19.40,90.46,13,
jawa barat - kota cirebon,6,0.00,9.82,19.77,0.00,2.43,10.35,0.01,72.74,17.00,83.77,48,
jawa barat - kota bekasi,6,0.00,4.43,9.25,0.00,7.69,11.69,0.02,75.48,6.00,93.55,3,
jawa barat - kota depok,6,0.00,2.53,5.08,0.00,20.08,11.35,0.03,74.92,12.60,89.47,19,
jawa barat - kota cimahi,6,0.00,5.11,11.12,0.09,13.73,10.98,0.01,74.50,16.40,87.17,34,
jawa barat - kota tasikmalaya,6,0.00,12.72,33.01,0.00,20.62,9.63,0.06,72.63,22.40,72.71,86,
jawa barat - kota banjar,6,0.00,6.73,35.18,0.00,9.79,9.08,0.12,71.49,19.30,79.55,69,
jawa tengah - cilacap,6,0.47,11.02,28.87,0.07,29.06,7.41,0.56,74.07,17.60,84.13,76,
jawa tengah - banyumas,6,1.13,12.84,27.45,0.00,30.20,8.08,0.22,73.88,16.60,79.81,164,
jawa tengah - purbalingga,6,1.04,15.30,25.35,0.00,29.90,7.73,0.31,73.28,26.80,78.05,189,
jawa tengah - banjarnegara,6,0.98,15.20,25.84,0.00,21.95,7.17,0.51,74.37,22.20,80.28,155,
jawa tengah - kebumen,6,0.58,16.41,25.33,0.04,36.29,8.04,0.34,73.70,22.10,80.34,153,
jawa tengah - purworejo,6,0.51,11.53,24.16,0.03,27.94,8.25,0.48,75.03,21.30,84.74,64,
jawa tengah - wonosobo,6,1.15,16.17,25.78,0.00,21.89,7.14,0.61,72.05,22.70,77.82,195,
jawa tengah - magelang,6,1.21,11.09,20.99,0.00,24.33,7.84,0.51,74.03,28.20,79.91,161,
jawa tengah - boyolali,6,0.51,9.82,20.85,0.00,20.46,8.05,0.39,76.12,20.00,87.31,24,
jawa tengah - klaten,6,0.63,12.33,22.50,0.00,28.58,9.20,0.17,76.95,18.20,85.50,48,
jawa tengah - sukoharjo,6,0.54,7.61,13.57,0.00,14.31,9.74,0.12,77.82,19.80,91.02,3,
jawa tengah - wonogiri,6,0.20,10.99,30.13,0.00,22.15,7.60,0.70,76.41,18.00,87.79,16,
jawa tengah - karanganyar,6,0.57,9.85,17.65,0.00,17.11,8.87,0.36,77.64,22.30,88.48,9,
jawa tengah - sragen,6,0.28,12.94,25.75,0.00,9.05,7.81,0.29,75.87,24.30,88.17,11,
jawa tengah - grobogan,6,0.25,11.80,40.92,0.00,10.64,7.41,0.54,74.93,19.30,87.18,27,
jawa tengah - blora,6,0.25,11.53,34.87,0.16,9.42,7.22,0.85,74.60,25.80,86.94,28,
jawa tengah - rembang,6,0.42,14.65,37.79,0.00,13.18,7.64,0.54,74.68,24.30,84.45,69,
jawa tengah - pati,6,0.22,9.33,23.13,0.04,17.10,8.04,0.39,76.32,23.00,89.27,6,
jawa tengah - kudus,6,0.74,7.41,16.31,0.00,15.35,9.16,0.13,76.76,19.00,88.91,8,
jawa tengah - jepara,6,0.60,6.88,23.81,0.00,26.70,8.38,0.36,75.97,18.20,86.91,29,
jawa tengah - demak,6,0.35,12.09,30.09,0.00,7.13,8.31,0.40,75.52,16.20,89.03,7,
jawa tengah - semarang,6,1.04,7.27,20.37,0.00,19.01,8.21,0.40,75.86,18.70,85.35,52,
jawa tengah - temanggung,6,1.99,9.33,14.26,0.00,18.70,7.79,0.42,75.70,28.90,77.84,193,
jawa tengah - kendal,6,0.74,9.48,22.41,0.14,19.44,8.01,0.35,74.53,17.50,85.58,44,
jawa tengah - batang,6,0.86,8.98,21.30,0.00,25.44,7.21,0.47,74.79,23.50,83.15,95,
jawa tengah - pekalongan,6,1.07,9.67,25.90,0.00,21.06,7.77,0.41,73.80,23.50,81.81,123,
jawa tengah - pemalang,6,0.67,15.06,41.13,0.00,21.21,6.74,0.41,73.65,19.80,80.84,144,
jawa tengah - tegal,6,0.76,7.90,24.63,0.00,26.12,7.56,0.28,71.85,22.30,82.84,105,
jawa tengah - brebes,6,0.73,16.05,30.08,0.04,27.43,6.61,0.45,69.74,29.10,77.21,205,
jawa tengah - kota magelang,6,0.00,7.10,11.66,0.00,3.96,10.91,0.01,77.02,13.90,91.18,10,
jawa tengah - kota surakarta,6,0.00,8.84,11.42,0.00,14.38,10.72,0.01,77.43,16.20,85.80,39,
jawa tengah - kota salatiga,6,0.00,4.73,2.96,0.00,3.54,11.38,0.03,77.72,14.20,94.20,2,
jawa tengah - kota semarang,6,0.00,4.25,7.56,0.00,11.87,10.50,0.03,77.69,10.40,91.31,9,
jawa tengah - kota pekalongan,6,0.00,7.00,22.35,0.00,20.97,9.31,0.03,74.51,23.10,78.94,72,
jawa tengah - kota tegal,6,0.00,7.91,15.61,0.00,0.88,9.48,0.02,74.64,16.80,86.00,38,
di yogyakarta - kulon progo,6,0.61,16.39,15.81,0.00,20.47,9.32,0.34,75.28,15.80,85.54,46,
di yogyakarta - bantul,6,1.42,12.27,16.44,0.14,18.52,9.78,0.14,73.90,14.90,82.07,116,
di yogyakarta - gunungkidul,6,0.19,15.86,31.39,0.00,37.55,7.51,0.80,74.23,23.50,81.98,119,
di yogyakarta - sleman,6,1.74,7.74,12.12,0.00,16.83,10.91,0.06,75.00,15.00,83.16,94,
di yogyakarta - kota yogyakarta,6,0.00,6.62,6.96,0.00,31.04,11.82,0.01,74.83,13.80,83.11,54,
jawa timur - pacitan,6,0.55,13.80,34.65,0.06,32.98,8.00,1.01,72.48,20.60,80.78,145,
jawa timur - ponorogo,6,0.32,9.32,27.52,0.22,17.37,7.99,0.50,73.20,14.20,87.91,14,
jawa timur - trenggalek,6,0.58,10.96,32.08,0.00,38.88,8.03,0.70,74.26,19.50,81.90,121,
jawa timur - tulungagung,6,0.58,6.71,31.97,0.05,32.44,8.82,0.30,74.54,17.30,85.23,59,
jawa timur - blitar,6,0.67,8.71,21.04,0.00,22.39,8.30,0.74,73.98,14.30,86.27,37,
jawa timur - kediri,6,1.11,10.65,35.75,0.00,36.34,8.39,0.44,72.97,21.60,78.22,186,
jawa timur - malang,6,1.08,9.55,28.37,0.00,30.38,8.02,0.53,72.95,23.00,79.97,158,
jawa timur - lumajang,6,0.58,9.06,41.27,0.05,38.11,7.24,0.64,70.61,23.80,79.42,169,
jawa timur - jember,6,0.66,9.39,48.11,0.00,30.40,6.74,0.58,69.68,34.90,77.43,201,
jawa timur - banyuwangi,6,0.59,7.51,22.08,0.00,23.49,7.83,0.93,71.06,18.10,84.91,61,
jawa timur - bondowoso,5,0.45,13.47,42.75,0.00,38.83,6.38,0.70,67.29,32.00,75.50,237,
jawa timur - situbondo,6,0.54,11.78,43.32,0.00,39.60,6.64,0.79,69.62,30.90,76.64,220,
jawa timur - probolinggo,5,0.79,17.12,46.50,0.00,41.38,6.32,0.72,67.78,17.30,73.27,263,
jawa timur - pasuruan,6,0.80,8.96,41.38,0.00,28.43,7.18,0.43,70.55,20.50,79.87,162,
jawa timur - sidoarjo,6,2.03,5.36,9.49,0.00,7.50,10.79,0.10,74.36,16.10,83.51,89,
jawa timur - mojokerto,6,0.55,9.71,30.01,0.00,18.73,8.99,0.31,72.93,11.60,86.70,32,
jawa timur - jombang,6,0.61,9.04,34.52,0.00,24.11,8.74,0.28,72.86,22.10,83.99,78,
jawa timur - nganjuk,6,0.45,10.70,32.77,0.00,26.86,8.29,0.51,71.95,20.00,83.68,84,
jawa timur - madiun,6,0.33,10.79,23.85,0.04,26.05,8.02,0.65,71.90,17.60,85.32,54,
jawa timur - magetan,6,0.35,9.84,33.79,0.00,20.42,8.85,0.39,72.97,14.90,86.83,30,
jawa timur - ngawi,6,0.19,14.15,27.71,0.00,17.63,7.83,0.55,72.81,28.50,84.98,60,
jawa timur - bojonegoro,6,0.29,12.21,27.45,0.00,15.84,7.59,0.73,72.16,24.30,85.40,50,
jawa timur - tuban,6,0.29,15.02,36.93,0.00,9.38,7.52,0.83,71.97,24.90,84.41,70,
jawa timur - lamongan,6,0.25,12.53,23.88,0.11,9.02,8.42,0.40,72.86,27.50,87.28,25,
jawa timur - gresik,6,0.53,11.06,19.21,0.00,1.94,9.90,0.27,72.99,10.70,90.39,5,
jawa timur - bangkalan,5,0.68,19.44,60.34,0.00,33.12,6.03,0.48,70.54,26.20,73.23,264,
jawa timur - sampang,6,0.57,21.61,53.31,0.00,15.43,5.58,0.56,68.38,6.90,77.08,207,
jawa timur - pamekasan,6,0.84,13.93,48.93,0.00,13.81,7.05,0.32,68.03,8.10,79.44,168,
jawa timur - sumenep,6,0.34,18.76,67.17,0.46,25.44,5.54,0.67,71.99,21.60,77.02,209,
jawa timur - kota kediri,6,0.00,7.23,11.65,0.00,41.73,10.60,0.02,74.34,14.30,76.42,78,
jawa timur - kota blitar,6,0.00,7.37,8.52,0.00,34.86,10.95,0.03,74.26,12.80,79.25,70,
jawa timur - kota malang,6,0.00,4.37,6.07,0.00,18.81,10.86,0.01,73.75,18.00,85.27,43,
jawa timur - kota probolinggo,6,0.00,6.65,2.69,0.00,6.96,9.33,0.05,70.68,23.30,80.01,66,
jawa timur - kota pasuruan,6,0.00,6.37,20.04,0.00,9.33,9.48,0.04,71.96,21.10,81.45,60,
jawa timur - kota mojokerto,6,0.00,5.98,9.07,0.00,7.16,11.12,0.01,73.74,8.40,89.83,15,
jawa timur - kota madiun,6,0.00,4.76,10.67,0.00,2.04,11.58,0.02,73.13,9.70,92.49,5,
jawa timur - kota surabaya,6,0.00,4.72,9.97,0.00,1.13,10.42,0.01,74.47,4.80,92.14,6,
jawa timur - kota batu,6,0.00,3.79,5.99,0.00,21.02,10.09,0.19,72.97,25.20,80.16,64,
banten - pandeglang,5,0.43,9.32,35.45,0.17,56.41,7.33,1.16,65.20,29.40,74.87,243,
banten - lebak,5,0.60,8.91,54.54,1.64,64.32,6.92,1.00,67.74,26.20,72.32,274,
banten - tangerang,6,2.19,6.92,24.42,0.00,15.48,9.21,0.11,70.28,21.10,76.49,223,
banten - serang,6,0.69,4.96,43.30,0.12,28.72,8.12,0.51,65.18,26.40,79.26,172,
banten - kota tangerang,6,0.00,5.77,7.69,0.00,7.92,10.56,0.02,71.91,11.80,86.39,36,
banten - kota cilegon,6,0.00,3.64,14.32,0.00,8.45,10.30,0.07,67.02,19.10,81.54,59,
banten - kota serang,6,0.00,5.94,35.75,0.00,25.19,8.63,0.10,68.54,23.80,71.42,87,
banten - kota tangerang selatan,6,0.00,2.50,4.38,0.00,23.16,11.34,0.02,72.78,9.00,87.43,30,
bali - jembrana,6,1.07,5.30,13.77,0.00,14.16,8.60,0.77,72.82,14.20,86.59,33,
bali - tabanan,6,0.52,5.18,9.83,0.00,20.65,9.00,0.34,74.10,8.20,90.54,4,
bali - badung,6,1.04,2.53,2.65,0.00,12.23,10.49,0.09,75.51,6.60,91.59,2,
bali - gianyar,6,0.75,4.70,0.69,0.00,8.23,9.35,0.13,74.13,6.30,92.16,1,
bali - klungkung,6,0.97,6.07,5.60,0.00,14.17,8.43,0.20,71.83,7.70,87.53,19,
bali - bangli,6,1.96,5.28,17.28,0.00,31.03,7.63,0.35,70.97,9.10,77.35,202,
bali - karangasem,6,0.73,6.98,7.21,0.06,26.60,6.85,0.58,70.89,9.20,85.28,57,
bali - buleleng,6,1.45,6.21,24.05,0.00,19.10,7.80,0.57,72.32,11.00,82.02,118,
bali - kota denpasar,6,0.00,2.97,2.85,0.00,1.49,11.22,0.01,75.30,5.50,95.80,1,
nusa tenggara barat - lombok barat,5,0.90,13.39,50.21,0.00,31.91,6.99,0.60,67.63,34.00,73.44,260,
nusa tenggara barat - lombok tengah,5,0.50,12.89,53.78,0.00,27.47,6.74,0.37,66.75,37.00,75.60,236,
nusa tenggara barat - lombok timur,5,0.84,15.14,61.11,0.18,34.72,7.52,0.37,66.55,35.60,71.48,284,
nusa tenggara barat - sumbawa,6,0.20,13.50,35.97,0.00,9.75,8.90,2.41,68.12,29.70,84.00,77,
nusa tenggara barat - dompu,6,0.19,12.40,49.27,0.12,33.27,8.81,1.24,67.36,34.50,78.85,182,
nusa tenggara barat - bima,6,0.28,14.50,55.68,0.13,31.45,8.94,1.56,66.87,29.50,77.68,198,
nusa tenggara barat - sumbawa barat,6,0.30,13.02,34.60,0.00,8.69,9.02,1.92,68.74,13.90,86.02,39,
nusa tenggara barat - lombok utara,4,0.91,25.93,65.08,0.09,40.37,6.55,0.88,67.75,35.90,65.92,322,
nusa tenggara barat - kota mataram,6,0.00,8.63,34.75,0.00,11.38,9.23,0.01,72.20,25.80,77.79,74,
nusa tenggara barat - kota bima,6,0.00,8.80,25.07,0.00,19.78,10.92,0.21,70.83,31.20,74.31,83,
nusa tenggara timur - kupang,5,0.92,21.70,24.32,7.35,45.97,7.98,3.36,65.28,35.30,69.02,308,
nusa tenggara timur - timor tengah selatan,4,0.91,25.45,48.06,9.53,33.86,7.16,2.56,66.68,35.30,67.61,313,
nusa tenggara timur - timor tengah utara,5,0.65,21.50,50.33,2.71,27.42,8.30,1.67,67.35,35.30,72.96,268,
nusa tenggara timur - belu,6,0.48,14.84,31.82,3.86,34.10,7.87,0.94,65.28,35.30,75.69,233,
nusa tenggara timur - alor,4,0.88,20.25,47.72,2.26,55.45,8.04,1.80,61.99,35.30,65.43,329,
nusa tenggara timur - flores timur,5,1.26,10.75,30.61,1.83,29.13,7.87,1.05,65.62,35.30,73.54,259,
nusa tenggara timur - sikka,6,0.99,12.61,22.04,5.24,20.09,7.36,0.86,67.86,35.30,77.07,208,
nusa tenggara timur - ende,5,0.83,23.00,33.26,0.89,20.17,8.50,1.09,65.76,35.30,73.42,261,
nusa tenggara timur - ngada,6,0.44,11.93,27.68,4.34,16.89,8.73,1.49,68.40,35.30,81.74,125,
nusa tenggara timur - manggarai,6,0.62,19.84,36.89,3.29,12.70,7.96,0.60,67.38,35.30,76.93,210,
nusa tenggara timur - sumba timur,5,0.60,28.22,24.27,3.40,37.56,8.03,4.89,65.38,35.30,70.21,296,
nusa tenggara timur - sumba barat,5,0.64,27.47,27.94,13.08,39.39,7.16,0.90,67.35,35.30,69.46,304,
nusa tenggara timur - lembata,5,1.02,25.18,22.81,2.10,42.92,7.55,1.47,67.52,35.30,69.00,309,
nusa tenggara timur - rote ndao,5,0.78,27.45,23.08,2.00,33.12,8.09,1.79,65.26,35.30,70.43,294,
nusa tenggara timur - manggarai barat,6,0.32,17.15,28.15,3.67,38.44,8.35,2.00,67.73,35.30,76.76,217,
nusa tenggara timur - nagekeo,5,0.87,12.05,21.98,1.27,48.02,8.10,1.62,67.56,35.30,74.27,248,
nusa tenggara timur - sumba tengah,4,0.38,32.51,37.03,12.94,51.77,7.61,3.52,68.65,35.30,67.29,315,
nusa tenggara timur - sumba barat daya,4,0.54,27.16,63.58,20.53,69.30,7.18,1.20,68.79,35.30,62.66,337,
nusa tenggara timur - manggarai timur,4,0.58,25.35,61.74,6.29,55.27,7.89,1.24,68.29,35.30,66.69,319,
nusa tenggara timur - sabu raijua,3,1.60,28.73,40.52,6.31,49.69,7.60,0.93,60.87,35.30,58.42,358,
nusa tenggara timur - malaka,5,0.49,15.26,36.06,4.77,46.82,7.59,0.96,65.34,35.30,73.00,267,
nusa tenggara timur - kota kupang,6,0.00,8.61,3.66,0.01,17.64,11.44,0.05,70.11,35.30,75.85,80,
kalimantan barat - sambas,5,0.66,6.92,40.43,0.00,92.70,6.82,3.63,69.39,30.50,69.71,299,
kalimantan barat - mempawah,5,0.97,5.32,20.94,0.00,79.50,7.56,2.51,71.47,25.10,74.04,252,
kalimantan barat - sanggau,6,1.19,4.51,21.06,2.99,38.19,7.35,9.00,71.58,32.50,77.82,194,
kalimantan barat - ketapang,6,0.92,9.39,21.65,3.49,56.22,7.88,12.65,71.27,22.30,75.99,230,
kalimantan barat - sintang,5,1.57,8.57,21.19,9.81,37.50,7.71,11.69,72.12,18.70,75.46,239,
kalimantan barat - kapuas hulu,5,1.78,8.59,38.01,3.67,43.73,8.01,22.15,72.69,37.90,69.97,297,
kalimantan barat - bengkayang,6,0.61,6.03,19.20,4.20,47.88,8.09,4.09,74.00,30.10,81.36,133,
kalimantan barat - landak,6,0.53,10.01,32.75,6.43,55.23,7.40,7.07,73.39,32.50,76.89,215,
kalimantan barat - sekadau,5,1.25,5.85,32.63,5.57,65.60,7.16,7.24,72.39,35.50,71.55,283,
kalimantan barat - melawi,3,3.74,11.44,39.14,6.38,54.44,7.62,10.45,73.14,44.10,54.80,368,
kalimantan barat - kayong utara,5,0.56,9.04,27.27,0.61,62.30,6.62,8.27,68.82,25.10,75.27,241,
kalimantan barat - kubu raya,5,1.45,4.12,27.65,0.12,89.35,7.34,5.77,70.95,27.60,68.61,312,
kalimantan barat - kota pontianak,6,0.00,4.46,11.16,0.00,60.17,10.42,0.03,73.46,19.70,71.15,88,
kalimantan barat - kota singkawang,5,0.00,4.67,13.03,0.07,44.75,8.54,0.30,72.46,23.50,68.12,92,
kalimantan  tengah - kotawaringin barat,4,5.00,3.93,13.93,0.00,18.93,8.61,8.00,70.98,21.10,60.27,347,
kalimantan  tengah - kotawaringin timur,5,2.15,5.95,22.52,0.32,25.29,7.96,9.38,70.15,27.90,73.69,257,
kalimantan  tengah - kapuas,6,0.49,5.52,36.19,1.86,42.22,8.10,10.78,69.02,20.10,80.59,148,
kalimantan  tengah - barito selatan,4,2.83,4.88,32.98,0.14,34.18,9.00,6.19,67.48,35.60,66.35,320,
kalimantan  tengah - barito utara,6,0.96,5.80,24.58,2.21,25.24,9.36,10.46,71.50,19.60,83.01,102,
kalimantan  tengah - katingan,6,0.94,5.50,29.77,2.32,37.80,9.24,21.34,66.16,29.90,76.74,218,
kalimantan  tengah - seruyan,3,3.99,7.43,24.50,0.11,31.69,7.92,16.98,69.46,34.70,59.25,353,
kalimantan  tengah - sukamara,4,4.84,3.72,21.98,2.40,22.43,8.32,8.02,71.80,21.80,60.04,349,
kalimantan  tengah - lamandau,3,4.71,3.34,26.00,5.47,23.96,8.91,12.55,69.62,25.50,58.90,356,
kalimantan  tengah - gunung mas,3,5.00,5.64,26.45,0.72,42.85,9.51,11.08,70.72,17.90,55.49,367,
kalimantan  tengah - pulang pisau,6,0.26,4.70,18.59,0.00,49.50,8.66,13.54,68.36,31.60,81.33,136,
kalimantan  tengah - murung raya,2,5.00,6.40,23.12,5.20,53.53,8.43,25.35,69.75,40.90,49.08,384,
kalimantan  tengah - barito timur,6,1.08,6.59,12.26,2.75,33.84,10.11,4.42,68.61,26.90,80.29,154,
kalimantan  tengah - kota palangkaraya,6,0.00,3.61,6.80,0.03,9.56,11.45,1.26,73.47,27.80,79.61,68,
kalimantan selatan - tanah laut,6,0.62,3.86,21.31,0.11,30.86,8.02,2.78,69.86,26.60,83.45,90,
kalimantan selatan - kotabaru,5,2.72,4.30,22.43,0.99,26.49,7.77,8.39,69.56,31.60,69.84,298,
kalimantan selatan - banjar,6,0.79,2.79,26.87,0.13,29.68,7.99,2.05,67.73,26.40,81.63,126,
kalimantan selatan - barito kuala,6,0.30,4.75,33.44,0.98,36.33,7.88,2.66,66.55,33.60,80.84,143,
kalimantan selatan - tapin,6,0.35,3.60,27.36,0.32,21.06,8.03,2.56,70.88,14.50,88.10,12,
kalimantan selatan - hulu sungai selatan,6,0.71,4.54,24.64,0.01,34.74,8.24,1.35,66.51,20.30,81.31,138,
kalimantan selatan - hulu sungai tengah,6,0.42,5.92,37.94,0.28,43.49,8.64,1.24,66.54,31.10,79.06,176,
kalimantan selatan - hulu sungai utara,5,1.55,6.49,16.65,0.21,35.29,8.17,0.96,64.53,28.00,74.23,249,
kalimantan selatan - tabalong,6,0.86,5.87,20.20,0.29,23.52,9.15,3.25,70.84,19.70,84.31,74,
kalimantan selatan - tanah bumbu,6,1.46,4.26,7.63,0.22,14.67,8.60,2.91,70.70,16.10,83.73,82,
kalimantan selatan - balangan,6,1.06,5.83,19.23,0.00,15.22,8.74,2.48,68.13,29.80,81.94,120,
kalimantan selatan - kota banjarmasin,6,0.00,4.74,15.04,0.00,1.03,9.81,0.02,71.59,22.40,85.62,40,
kalimantan selatan - kota banjarbaru,6,0.00,4.17,10.44,0.00,18.19,11.01,0.20,72.36,22.10,82.35,57,
kalimantan timur - paser,6,1.02,9.43,14.86,0.00,16.07,9.09,7.92,72.89,24.90,83.70,83,
kalimantan timur - kutai kartanegara,6,1.17,7.96,7.22,0.00,3.11,9.27,10.88,72.65,27.10,85.53,47,
kalimantan timur - berau,6,1.28,5.65,5.62,0.28,8.71,9.41,14.66,72.32,21.60,85.33,53,
kalimantan timur - kutai barat,3,5.00,10.20,12.78,0.00,23.51,9.37,10.53,73.10,23.10,58.39,359,
kalimantan timur - kutai timur,4,4.06,9.28,14.89,1.78,11.65,9.33,13.65,73.47,24.70,65.76,324,
kalimantan timur - penajam paser utara,6,0.71,7.25,9.39,0.23,10.95,8.63,3.87,71.71,21.80,87.40,22,
kalimantan timur - mahakam ulu,3,5.00,11.55,15.13,0.50,14.06,9.01,47.99,72.35,14.80,57.68,360,
kalimantan timur - kota balikpapan,6,0.00,2.45,2.93,0.00,2.25,10.67,0.12,74.78,19.60,91.40,8,
kalimantan timur - kota samarinda,6,0.00,4.85,2.27,0.00,0.36,11.19,0.16,74.56,25.30,88.97,21,
kalimantan timur - kota bontang,6,0.00,4.54,5.66,0.47,0.00,10.88,0.13,74.57,21.00,88.76,22,
kalimantan utara - bulungan,6,2.10,9.32,12.34,0.52,19.00,8.98,13.74,72.76,18.90,77.11,206,
kalimantan utara - malinau,5,2.28,6.64,10.47,3.14,28.80,9.33,43.71,71.50,23.50,73.08,266,
kalimantan utara - nunukan,6,1.60,6.13,15.42,0.38,37.32,8.70,13.77,71.41,30.50,76.17,227,
kalimantan utara - tana tidung,4,5.00,4.45,8.42,2.02,14.02,9.35,10.40,71.51,30.70,60.54,345,
kalimantan utara - kota tarakan,6,0.00,6.30,3.90,0.00,4.81,10.15,0.17,74.06,15.40,86.06,37,
sulawesi utara - bolaang mongondow,6,0.33,7.04,42.38,0.00,22.31,8.75,3.35,69.78,19.00,84.87,63,
sulawesi utara - minahasa,6,0.79,7.05,32.77,0.17,23.80,10.66,0.83,71.49,16.50,84.69,65,
sulawesi utara - kepulauan sangihe,3,5.00,10.50,54.42,1.69,31.55,9.17,0.68,70.51,18.50,53.22,372,
sulawesi utara - kepulauan talaud,6,1.37,8.25,49.20,0.27,30.36,9.93,1.48,70.57,26.00,76.51,222,
sulawesi utara - minahasa selatan,6,0.54,9.00,49.51,0.18,22.53,9.87,1.91,70.35,19.20,83.20,93,
sulawesi utara - minahasa utara,6,0.99,6.60,42.64,0.67,17.71,10.30,0.80,71.68,20.50,83.29,92,
sulawesi utara - minahasa tenggara,6,0.68,11.78,52.39,0.00,19.41,9.24,1.45,70.52,26.50,80.44,150,
sulawesi utara - bolaang mongondow utara,6,0.46,7.31,52.29,0.00,27.37,9.17,2.58,68.05,21.90,81.60,128,
sulawesi utara - kep. siau tagulandang biaro,3,5.00,8.20,32.98,2.34,58.11,9.63,0.45,71.27,14.40,52.79,374,
sulawesi utara - bolaang mongondow timur,6,0.87,5.85,43.86,0.00,25.76,8.53,1.77,68.24,30.00,79.36,170,
sulawesi utara - bolaang mongondow selatan,5,1.24,11.92,53.83,1.09,24.91,8.79,3.39,64.74,27.90,72.88,269,
sulawesi utara - kota manado,6,0.00,5.85,26.17,0.00,9.18,10.87,0.03,72.18,18.40,85.33,42,
sulawesi utara - kota bitung,6,0.00,6.20,29.52,0.22,2.99,10.17,0.35,71.38,23.50,80.89,61,
sulawesi utara - kota tomohon,6,0.00,5.26,21.31,0.00,18.85,11.01,0.18,72.44,13.70,83.14,52,
sulawesi utara - kota kotamobagu,6,0.00,5.19,23.91,0.09,22.49,10.13,0.12,70.98,22.90,77.61,76,
sulawesi tengah - banggai,6,0.40,7.33,11.97,0.08,28.96,8.80,4.09,70.88,24.30,85.72,41,
sulawesi tengah - poso,6,0.46,15.18,16.37,0.66,23.57,9.77,4.99,71.19,24.60,83.57,87,
sulawesi tengah - donggala,5,0.87,16.30,31.02,3.02,47.32,8.27,4.61,67.61,32.40,72.27,275,
sulawesi tengah - tolitoli,6,0.68,12.74,15.61,1.01,28.66,8.95,2.66,66.41,30.70,79.18,173,
sulawesi tengah - buol,6,0.53,12.85,23.76,0.38,12.22,9.32,4.22,69.32,32.70,83.11,97,
sulawesi tengah - morowali,6,0.80,12.58,13.54,0.06,18.61,8.99,3.33,69.23,23.30,82.36,111,
sulawesi tengah - banggai kepulauan,3,4.74,13.44,35.33,2.76,18.49,8.64,2.78,66.73,32.60,53.61,370,
sulawesi tengah - parigi moutong,6,0.31,14.63,25.45,1.23,37.97,8.32,3.15,64.35,27.40,77.59,200,
sulawesi tengah - tojo una-una,6,0.92,16.12,26.91,2.20,15.46,8.56,4.77,66.08,31.30,76.93,212,
sulawesi tengah - sigi,6,0.47,12.30,21.46,1.30,47.82,9.28,4.62,70.15,36.80,78.17,187,
sulawesi tengah - banggai laut,2,5.00,13.17,36.88,6.63,30.50,8.30,0.97,65.81,20.00,50.77,380,
sulawesi tengah - morowali utara,6,0.63,12.97,14.62,0.29,21.03,8.92,9.36,69.77,24.70,82.52,107,
sulawesi tengah - kota palu,6,0.00,6.63,4.98,0.00,17.02,11.17,0.10,71.20,24.70,80.05,65,
sulawesi selatan - kepulauan selayar,5,2.18,12.24,36.15,0.49,10.94,8.34,0.79,68.81,32.10,71.87,280,
sulawesi selatan - bulukumba,6,0.32,7.39,35.74,1.69,26.90,8.72,0.51,68.51,28.40,83.03,100,
sulawesi selatan - bantaeng,6,0.38,9.07,29.36,0.00,16.62,7.44,0.28,70.88,22.10,85.38,51,
sulawesi selatan - jeneponto,6,0.32,13.73,33.65,0.20,17.82,7.53,0.38,66.81,39.80,79.69,165,
sulawesi selatan - takalar,6,0.44,8.25,14.29,0.00,16.98,8.17,0.25,67.64,31.30,84.39,71,
sulawesi selatan - gowa,6,0.32,7.36,24.81,0.11,22.15,8.83,0.76,70.70,33.00,85.24,58,
sulawesi selatan - sinjai,6,0.46,8.80,18.06,0.27,25.17,8.14,0.49,67.68,29.40,82.73,106,
sulawesi selatan - bone,6,0.14,10.58,11.54,1.09,29.03,7.91,1.29,67.57,27.80,83.86,79,
sulawesi selatan - maros,6,0.34,9.43,20.64,0.36,24.32,8.16,0.75,69.28,30.10,83.74,81,
sulawesi selatan - pangkajene dan kepulauan,6,0.55,13.92,28.00,0.00,23.00,8.93,0.37,67.12,34.20,79.47,167,
sulawesi selatan - barru,6,0.23,8.40,21.04,0.29,19.38,8.70,0.98,69.35,14.10,87.71,17,
sulawesi selatan - soppeng,6,0.12,7.49,16.67,0.43,28.61,8.43,0.86,70.20,26.90,86.35,36,
sulawesi selatan - wajo,6,0.09,6.57,26.16,0.71,27.44,7.45,1.49,67.82,28.60,84.36,73,
sulawesi selatan - sidenreng rappang,6,0.11,5.11,15.97,0.70,27.72,8.43,0.97,70.41,27.30,87.52,20,
sulawesi selatan - pinrang,6,0.14,8.79,18.94,0.16,24.02,8.76,0.98,70.15,20.90,87.20,26,
sulawesi selatan - enrekang,6,0.54,12.39,25.92,0.18,28.71,9.17,1.24,71.17,26.40,82.12,115,
sulawesi selatan - luwu,6,0.24,12.49,28.74,0.55,40.63,9.13,1.30,70.75,26.70,81.61,127,
sulawesi selatan - tana toraja,6,0.65,12.18,24.73,0.37,53.27,8.90,1.55,73.72,35.40,77.74,196,
sulawesi selatan - luwu utara,6,0.25,13.22,17.32,0.48,25.00,8.47,4.03,69.03,29.80,83.03,101,
sulawesi selatan - luwu timur,6,0.26,6.81,11.68,0.17,24.78,8.97,3.03,70.94,22.60,87.82,15,
sulawesi selatan - toraja utara,6,0.50,11.65,33.66,0.05,40.60,9.21,0.89,73.65,34.10,80.44,151,
sulawesi selatan - kota makassar,6,0.00,4.58,11.30,0.00,4.31,11.43,0.01,72.40,18.40,89.28,20,
sulawesi selatan - kota pare pare,6,0.00,5.41,10.10,0.00,7.01,10.49,0.07,71.57,27.10,83.07,55,
sulawesi selatan - kota palopo,6,0.00,7.78,15.81,0.12,4.33,11.39,0.14,71.18,23.80,82.93,56,
sulawesi  tenggara - kolaka,6,0.82,11.51,15.87,0.08,6.63,9.36,1.87,71.30,22.60,85.56,45,
sulawesi  tenggara - konawe,6,0.36,12.75,18.50,0.00,22.61,9.51,2.51,70.38,28.30,84.23,75,
sulawesi  tenggara - muna,5,1.47,13.41,31.11,0.23,31.59,8.56,0.86,70.47,31.30,73.99,253,
sulawesi  tenggara - buton,5,2.34,13.27,31.29,1.05,20.93,9.06,1.67,68.46,32.60,69.46,303,
sulawesi  tenggara - konawe selatan,6,0.54,11.08,20.11,0.27,9.63,8.54,3.13,70.95,28.00,85.31,56,
sulawesi  tenggara - bombana,6,0.36,10.26,17.72,0.18,6.67,8.40,3.43,69.20,35.30,85.63,42,
sulawesi  tenggara - wakatobi,3,5.00,14.55,23.07,1.45,37.42,8.75,0.52,70.59,29.90,51.98,378,
sulawesi  tenggara - kolaka utara,4,3.74,13.08,19.77,0.11,9.10,8.96,1.56,70.40,24.80,65.55,328,
sulawesi  tenggara - konawe utara,6,1.27,13.72,30.05,0.13,15.53,9.44,5.16,69.59,21.60,78.67,183,
sulawesi  tenggara - buton utara,6,1.19,14.26,17.35,0.99,12.41,9.08,2.78,70.96,31.20,79.87,163,
sulawesi  tenggara - kolaka timur,6,0.24,13.57,18.65,0.00,18.62,8.74,4.81,72.90,23.70,86.40,35,
sulawesi  tenggara - konawe kepulauan,2,5.00,16.15,17.91,0.23,40.20,9.13,1.83,68.46,32.30,50.43,382,
sulawesi  tenggara - muna barat,6,0.80,13.85,31.62,2.36,35.89,8.45,1.11,70.39,31.70,76.92,213,
sulawesi  tenggara - buton tengah,4,2.73,14.90,20.28,0.24,10.20,7.52,1.15,67.78,41.60,66.97,317,
sulawesi  tenggara - buton selatan,4,2.11,14.41,31.58,0.31,55.22,8.18,0.60,67.76,32.60,64.54,331,
sulawesi  tenggara - kota kendari,6,0.00,4.57,9.42,0.00,11.75,12.21,0.09,73.93,19.50,88.34,25,
sulawesi  tenggara - kota bau bau,6,0.00,7.31,10.97,0.31,6.09,11.00,0.25,71.36,26.00,80.48,63,
gorontalo - gorontalo,6,0.39,17.71,29.08,2.27,17.80,8.59,1.13,67.89,30.80,80.13,157,
gorontalo - boalemo,6,0.22,18.74,41.07,0.56,11.31,8.04,2.12,69.61,29.90,81.41,131,
gorontalo - bone bolango,6,1.12,16.05,26.34,0.00,18.16,9.08,1.99,68.88,22.30,78.27,185,
gorontalo - pahuwato,6,0.19,17.87,36.66,0.16,4.58,8.11,4.91,64.62,6.40,83.34,91,
gorontalo - gorontalo utara,6,0.28,17.24,38.83,0.62,19.21,7.82,2.56,66.30,29.30,79.07,175,
gorontalo - kota gorontalo,6,0.00,5.73,2.02,0.00,2.26,10.69,0.04,72.88,19.10,87.59,29,
sulawesi barat - mamuju utara,4,4.42,5.09,15.63,1.05,24.33,8.41,3.84,66.90,25.80,60.10,348,
sulawesi barat - mamuju,6,0.52,7.63,18.82,0.97,26.20,8.36,2.38,68.21,33.80,82.26,113,
sulawesi barat - mamasa,5,0.51,14.51,33.61,1.06,69.26,8.21,2.33,71.20,38.60,72.65,272,
sulawesi barat - polewali mandar,5,0.44,16.39,34.42,0.45,30.13,7.96,0.86,62.86,39.30,74.59,246,
sulawesi barat - majene,4,2.55,15.13,23.22,0.07,11.76,9.57,0.69,62.16,40.60,66.33,321,
sulawesi barat - mamuju tengah,6,0.87,7.17,13.42,0.43,21.46,8.09,3.17,68.97,28.10,82.26,112,
maluku - maluku tengah,5,1.71,17.46,22.03,1.93,25.14,10.05,4.11,66.73,27.00,72.21,276,
maluku - maluku tenggara,3,3.86,21.19,13.93,1.82,37.06,9.81,1.16,65.46,26.80,56.04,365,
maluku - maluku tenggara barat,4,2.54,23.88,16.05,0.72,30.31,10.13,5.33,63.73,31.50,62.75,336,
maluku - buru,6,0.50,15.82,11.76,1.26,27.48,9.40,4.66,66.72,23.30,80.85,142,
maluku - seram bagian timur,5,0.92,20.73,23.45,14.92,43.04,8.87,4.38,60.06,24.10,68.78,311,
maluku - seram bagian barat,3,2.35,22.25,28.79,2.40,53.70,9.93,3.61,62.25,27.50,59.50,351,
maluku - kepulauan aru,2,5.00,23.51,16.66,31.21,34.75,9.03,11.82,63.29,28.10,44.01,394,
maluku - maluku barat daya,4,1.77,27.64,11.78,1.47,37.63,9.57,6.97,62.98,25.70,65.24,330,
maluku - buru selatan,3,3.34,14.75,22.58,8.18,31.48,8.46,4.50,66.69,41.60,59.08,355,
maluku - kota ambon,6,0.00,4.68,6.71,0.22,12.25,12.06,0.09,71.00,21.10,84.73,44,
maluku - kota tual,4,0.00,20.56,6.80,1.70,17.90,10.60,0.49,66.16,24.90,54.91,97,
maluku utara - halmahera barat,3,5.00,8.43,16.09,2.43,42.89,8.94,2.47,66.64,23.90,52.84,373,
maluku utara - halmahera tengah,2,4.91,12.00,3.85,1.24,48.01,9.26,4.12,64.61,32.20,50.67,381,
maluku utara - halmahera utara,6,1.15,4.58,13.76,1.93,29.84,8.73,3.48,69.88,24.90,81.20,140,
maluku utara - halmahera selatan,3,5.00,4.99,20.19,5.32,40.88,8.51,4.87,66.22,31.40,52.40,376,
maluku utara - kepulauan sula,3,4.44,7.64,23.25,0.43,50.04,9.32,4.15,63.68,28.50,53.28,371,
maluku utara - halmahera timur,6,0.89,13.14,19.36,2.64,41.75,8.87,9.23,69.50,32.30,76.12,229,
maluku utara - pulau morotai,3,5.00,5.42,22.17,0.00,34.85,7.76,4.66,67.74,31.20,53.70,369,
maluku utara - pulau taliabu,2,5.00,6.88,33.33,22.19,46.95,8.68,2.88,62.53,23.70,47.87,386,
maluku utara - kota ternate,6,0.00,3.11,5.23,0.00,5.95,11.83,0.09,71.38,17.70,89.51,18,
maluku utara - kota tidore kepulauan,5,0.00,5.99,11.81,0.16,32.73,9.90,1.52,69.75,19.10,65.83,94,
papua - merauke,6,0.22,10.10,18.12,7.78,24.61,10.35,37.51,67.31,23.70,83.08,99,
papua - jayawijaya,1,5.00,35.80,43.56,5.35,79.07,5.89,3.81,60.26,46.70,27.68,404,
papua - jayapura,5,1.93,11.94,17.39,5.28,35.31,10.87,16.02,67.45,20.20,72.14,278,
papua - nabire,6,0.92,23.90,15.10,3.35,17.26,10.28,11.15,68.41,17.10,78.07,188,
papua - kepulauan yapen,5,1.18,26.15,23.94,16.85,39.04,10.22,3.31,69.39,31.10,69.70,300,
papua - biak numfor,2,5.00,24.48,12.94,0.01,35.91,10.47,1.85,68.50,27.30,49.81,383,
papua - puncak jaya,1,5.00,36.30,26.25,55.17,87.99,4.98,22.42,65.66,42.50,25.14,405,
papua - paniai,1,5.00,36.63,69.33,32.23,100.00,3.53,7.68,66.94,45.20,21.52,412,
papua - mimika,6,0.67,14.28,20.30,6.66,19.74,9.85,9.51,72.57,33.00,81.83,122,
papua - sarmi,4,3.05,13.76,33.53,4.27,36.02,10.76,36.07,66.74,25.60,61.25,343,
papua - keerom,5,1.29,15.77,27.98,10.91,31.77,8.95,23.12,67.04,25.90,71.92,279,
papua - pegunungan bintang,3,0.05,30.32,74.40,67.48,71.70,3.52,40.21,64.79,48.90,51.99,377,
papua - yahukimo,1,5.00,36.21,86.25,40.16,68.34,4.13,41.02,66.31,53.30,21.95,409,
papua - tolikara,1,5.00,31.31,85.96,0.87,97.19,2.29,13.00,66.08,50.10,23.00,407,
papua - waropen,4,1.68,30.22,11.91,10.54,57.07,9.32,35.22,66.68,22.20,61.63,341,
papua - boven digoel,1,5.00,20.04,27.69,15.30,47.06,9.58,36.08,60.64,37.20,40.55,397,
papua - mappi,2,2.97,26.04,35.30,11.97,75.22,7.90,44.85,65.66,29.60,47.85,387,
papua - asmat,1,2.52,24.87,65.27,58.56,88.08,6.87,43.13,58.90,54.50,36.69,398,
papua - supiori,1,5.00,37.70,61.51,26.68,75.14,10.26,1.63,66.36,40.20,30.41,403,
papua - mamberamo raya,1,5.00,30.73,73.64,9.08,95.48,9.17,97.71,58.29,29.00,22.51,408,
papua - mamberamo tengah,1,5.00,35.92,88.59,17.51,100.00,5.07,33.90,64.05,41.10,20.06,414,
papua - yalimo,1,5.00,31.68,71.76,33.36,100.00,6.18,24.03,65.72,38.20,23.95,406,
papua - lanny jaya,1,5.00,37.76,89.27,19.87,99.69,3.95,8.10,66.31,34.80,21.60,411,
papua - nduga,1,5.00,36.73,47.36,36.43,96.27,4.57,28.17,55.70,50.20,17.63,415,
papua - puncak,1,5.00,36.25,91.43,0.79,96.41,1.38,38.70,66.13,42.00,20.10,413,
papua - dogiyai,1,5.00,29.48,10.79,61.94,76.03,4.08,13.08,66.13,35.10,31.23,402,
papua - intan jaya,1,5.00,42.03,72.69,72.30,100.00,2.39,42.00,65.93,35.40,14.54,416,
papua - deiyai,1,5.00,40.31,77.43,23.48,99.34,1.82,18.73,65.66,13.40,21.93,410,
papua - kota jayapura,6,0.00,14.96,7.07,0.14,10.26,11.62,0.18,71.40,27.20,74.18,84,
papua barat - sorong,2,4.53,27.58,23.45,1.54,50.89,9.32,7.42,66.55,23.80,46.99,391,
papua barat - manokwari,4,2.20,19.90,12.35,2.14,37.27,9.25,2.05,69.18,36.60,66.85,318,
papua barat - fakfak,2,5.00,22.06,18.81,0.66,51.17,10.59,9.80,68.75,29.00,47.32,388,
papua barat - sorong selatan,2,3.94,18.48,17.23,20.80,66.49,8.48,10.27,66.72,36.70,48.46,385,
papua barat - raja ampat,2,5.00,17.32,32.47,4.18,56.28,8.80,9.84,65.12,31.10,44.12,393,
papua barat - teluk bintuni,1,5.00,29.73,29.20,0.15,44.93,9.59,27.02,61.37,22.80,40.88,396,
papua barat - teluk wondama,1,5.00,30.06,40.73,14.56,78.13,8.34,11.51,60.57,26.10,32.93,399,
papua barat - kaimana,2,5.00,15.29,22.37,12.46,44.43,10.07,24.69,65.27,29.20,47.12,389,
papua barat - tambrauw,1,5.00,32.45,47.33,0.16,53.36,8.53,55.35,60.68,39.10,32.88,400,
papua barat - maybrat,2,5.00,31.14,4.13,0.17,65.54,10.64,15.66,65.53,27.30,41.60,395,
papua barat - manokwari selatan,4,1.42,28.55,30.73,3.45,34.88,8.47,6.66,67.84,27.20,67.12,316,
papua barat - pegunungan arfak,1,5.00,33.71,16.75,35.95,60.80,6.08,22.75,67.50,51.50,32.87,401,
papua barat - kota sorong,6,0.00,11.12,9.92,0.37,13.46,11.81,0.34,70.76,20.60,76.01,79,
